Zaman(s),Raw_Ax,Raw_Ay,Raw_Az,Raw_Gx,Raw_Gy,Raw_Gz,Angle_X,Angle_Y,Angle_Z,Filt_Ax,Filt_Ay,Filt_Az,Filt_Gx,Filt_Gy,Filt_Gz
0.0136,-56,134,8015,6,-3,10,124,126,124,-86,96,8051,2,-2,7
0.0296,-52,124,8079,4,0,9,124,126,124,-79,105,8042,3,-3,7
0.0297,-14,76,8055,4,0,10,124,126,124,-73,109,8051,3,-3,7
0.0457,-64,62,7969,1,-1,10,124,126,124,-59,100,8052,3,-3,7
0.0617,-20,48,8085,0,-1,10,124,126,124,-61,90,8031,2,-3,7
0.0618,-82,44,8061,1,-1,6,124,126,124,-51,79,8044,1,-3,7
0.0776,-60,90,7957,2,2,6,124,126,124,-59,70,8048,1,-3,6
0.0937,-70,104,7951,4,1,6,124,126,124,-60,75,8025,1,-2,6
0.0937,-100,112,8071,1,2,6,124,126,124,-63,82,8006,1,-2,6
0.1097,-72,144,8023,4,2,7,124,126,124,-73,89,8022,1,-1,6
0.1097,-50,136,8009,3,0,7,124,126,124,-73,102,8022,1,-1,6
0.1256,-36,154,8097,3,0,8,124,126,124,-68,110,8018,1,-1,6
0.1416,-54,110,8009,3,-1,8,124,126,124,-60,121,8037,1,-1,6
0.1417,-44,94,7993,3,-1,10,124,126,124,-59,118,8030,1,-1,6
0.1578,-28,66,8073,4,-1,10,124,126,124,-56,112,8020,1,-1,7
0.1739,-26,68,8033,5,0,8,124,126,124,-49,100,8033,1,-1,7
0.1739,-40,16,8049,3,3,7,124,126,124,-44,92,8033,2,-1,7
0.1896,-70,48,7989,4,5,6,124,126,124,-43,73,8037,2,0,7
0.2056,-92,80,8005,3,3,8,124,126,124,-50,66,8025,2,1,6
0.2057,-70,108,8021,2,3,8,124,125,124,-61,69,8020,2,1,6
0.2218,-82,110,8051,-1,1,8,124,125,124,-64,78,8020,2,1,6
0.2218,-72,120,8007,0,0,9,124,125,124,-69,86,8027,1,1,6
0.2376,-86,152,8053,2,1,7,124,125,124,-70,94,8022,0,0,6
0.2538,-60,126,7991,4,0,6,124,125,124,-74,108,8029,0,0,6
0.2539,-34,142,7997,3,2,9,124,125,124,-71,112,8019,1,0,6
0.2697,-42,88,8035,3,2,8,124,125,124,-62,119,8013,1,0,6
0.2856,-62,82,8023,1,1,9,124,125,124,-57,111,8018,1,0,6
0.2857,-36,106,8005,3,1,7,124,125,124,-59,103,8019,1,0,6
0.3016,-52,74,8039,4,2,8,124,125,124,-54,103,8015,1,0,6
0.3017,-46,76,8063,4,1,9,124,125,124,-54,95,8021,1,0,6
0.3178,-72,122,8009,4,-1,9,124,125,124,-52,90,8031,1,0,6
0.3336,-82,94,8033,3,0,7,124,125,124,-57,98,8025,1,-1,6
0.3337,-80,114,8017,0,1,9,124,125,124,-64,97,8027,1,-1,6
0.3496,-34,132,8029,5,1,8,124,126,124,-68,101,8024,0,-1,6
0.3657,-70,98,8055,3,2,8,124,126,124,-60,108,8025,1,-1,6
0.3658,-30,118,8021,1,3,7,124,126,124,-63,105,8032,1,-1,6
0.382,-24,114,8005,1,1,8,124,126,124,-55,108,8029,1,0,6
0.3976,-56,78,8089,3,3,8,124,125,124,-48,109,8023,1,0,6
0.3976,-66,56,8049,4,2,9,124,125,124,-50,101,8039,1,0,6
0.4137,-84,78,7991,2,1,7,124,125,124,-54,89,8041,1,0,6
0.4137,-76,88,7971,1,0,8,124,125,124,-62,86,8028,1,0,6
0.4296,-58,88,7969,3,0,7,124,125,124,-66,86,8013,1,0,6
0.4456,-76,108,8073,1,-2,6,124,125,124,-64,86,8002,1,0,6
0.4457,-74,108,8045,-1,-3,7,124,125,124,-67,91,8019,1,-1,6
0.4616,-42,80,8029,1,-1,9,124,126,124,-69,95,8025,0,-2,6
0.4777,-26,96,8037,3,-4,9,124,126,124,-63,91,8026,0,-2,6
0.4777,2,142,7981,4,0,10,124,126,124,-54,92,8028,0,-3,6
0.4936,-50,92,8057,2,-2,10,124,126,124,-40,104,8016,1,-3,7
0.5096,-62,62,8067,2,0,8,124,126,124,-43,101,8026,1,-3,7
0.5097,-46,70,8047,5,1,8,124,126,124,-48,91,8036,1,-3,7
0.5256,-54,104,7977,5,2,8,124,126,124,-48,85,8038,2,-2,7
0.5257,-72,98,8047,2,2,8,124,126,124,-50,89,8022,2,-1,7
0.5419,-102,122,8009,3,2,7,124,126,124,-56,91,8028,2,-1,7
0.5576,-28,134,8043,2,2,10,124,126,124,-68,98,8023,2,-1,7
0.5577,-52,112,8055,3,0,10,124,126,124,-58,107,8028,2,-1,7
0.5735,-60,118,8013,2,-1,8,124,126,124,-57,108,8034,2,-1,7
0.5896,-50,84,7995,4,2,8,124,126,124,-58,110,8028,2,-1,7
0.5896,-30,108,8003,6,2,7,124,126,124,-56,103,8019,2,-1,7
0.6055,-46,98,8009,4,0,7,124,126,124,-50,104,8015,3,-1,7
0.6055,-36,108,8075,5,-1,9,124,126,124,-49,102,8013,3,-1,7
0.6216,-44,94,8053,3,-2,8,124,126,124,-46,103,8028,3,-1,7
0.6376,-36,86,8037,8,3,7,124,126,124,-46,100,8034,3,-2,7
0.6376,-68,132,8025,6,1,9,124,126,124,-44,96,8034,4,-1,7
0.6536,-86,118,7997,3,0,10,124,126,124,-50,105,8031,4,-1,7
0.6696,-62,104,8043,4,0,7,124,126,124,-59,108,8022,3,-1,7
0.6696,-50,94,7979,3,2,7,124,126,124,-60,107,8027,3,-1,7
0.6856,-40,94,8041,5,0,9,124,126,124,-58,103,8015,3,-1,7
0.7016,-72,64,8039,6,-1,8,124,126,124,-54,100,8021,3,-1,7
0.7016,-54,60,8015,3,0,8,124,126,124,-59,91,8025,3,-1,7
0.7176,-2,90,8013,4,1,8,124,126,124,-58,83,8022,3,-1,7
0.7176,-42,96,8039,6,0,8,124,126,124,-44,84,8019,3,-1,7
0.7336,-60,62,8025,6,0,7,124,126,124,-44,87,8024,3,-1,7
0.7496,-64,96,8011,5,-1,8,124,126,124,-48,80,8024,3,-1,7
0.7496,-80,122,7981,4,0,9,124,126,124,-52,84,8020,3,-1,7
0.7656,-78,116,7973,3,1,6,124,126,124,-59,93,8010,3,-1,7
0.7816,-98,100,8033,2,-1,7,124,126,124,-64,98,8000,3,-1,6
0.7816,-68,114,8031,3,2,6,124,126,124,-73,98,8008,2,-1,6
0.7977,-18,98,8037,2,-1,6,124,126,124,-72,102,8013,2,-1,6
0.7977,-34,110,7997,8,1,7,124,126,124,-59,101,8019,2,-1,6
0.8136,-32,100,8015,4,0,8,124,126,124,-53,103,8013,3,-1,6
0.8296,-46,50,8005,4,1,7,124,126,124,-48,102,8013,3,-1,6
0.8296,-60,68,8033,5,2,8,124,126,124,-48,89,8011,3,-1,6
0.8457,-36,108,8053,6,1,10,124,126,124,-51,83,8016,3,-1,6
0.8616,-40,92,7997,7,-2,7,124,126,124,-48,89,8025,3,-1,7
0.8617,-60,118,8029,3,-3,7,124,126,124,-46,89,8018,4,-2,7
0.8776,-86,110,8003,4,0,7,124,126,124,-50,96,8020,3,-3,7
0.8937,-50,124,7957,7,-1,9,124,126,124,-59,99,8015,3,-3,7
0.8938,-84,118,8007,5,-1,9,124,126,124,-57,105,8000,4,-3,7
0.9098,-58,90,7995,6,2,9,124,126,124,-64,108,8001,4,-3,7
0.9098,-36,132,8069,6,1,8,124,126,124,-63,103,7999,4,-2,7
0.9256,-52,72,8003,4,2,6,124,126,124,-57,110,8016,4,-2,7
0.9417,-22,78,8001,4,1,8,124,126,124,-56,100,8012,4,-1,6
0.9417,-26,96,8025,3,1,8,124,126,124,-48,94,8009,4,-1,6
0.9576,-66,106,7947,3,1,9,124,126,124,-43,94,8013,3,-1,6
0.9736,-42,128,8027,3,0,7,124,126,124,-49,97,7996,3,-1,6
0.9736,-28,96,8077,1,1,7,124,126,124,-48,104,8003,3,-1,6
0.9897,-62,144,8017,5,0,7,124,126,124,-43,102,8021,2,-1,6
1.0055,-84,70,7985,4,2,6,124,126,124,-48,112,8020,2,-1,6
1.0056,-48,118,8027,4,1,9,124,126,124,-57,101,8011,2,-1,6
1.0216,-20,78,8043,3,0,11,124,126,124,-55,105,8015,2,-1,6
1.0216,-48,74,7997,4,-3,9,124,126,124,-47,98,8022,2,-1,7
1.0377,-76,94,8025,3,-1,9,124,126,124,-48,92,8015,2,-2,7
1.0537,-94,82,7981,3,0,9,124,126,124,-55,92,8017,2,-2,7
1.0538,-44,82,8001,1,0,7,124,126,124,-65,89,8008,2,-2,7
1.0696,-44,60,8035,5,-2,8,124,126,124,-60,87,8006,1,-2,7
1.0857,-62,136,7997,3,-1,7,124,126,124,-56,80,8013,2,-2,7
1.0857,-54,124,7987,1,-2,6,124,126,124,-58,94,8009,2,-2,7
1.1016,-54,98,8033,1,1,8,124,126,124,-57,101,8003,1,-2,6
1.1016,-74,114,8043,5,1,6,124,126,124,-57,100,8010,1,-2,6
1.1179,-42,104,8017,6,2,8,124,126,124,-62,103,8018,2,-2,6
1.1336,-64,72,8057,2,0,8,124,126,124,-57,103,8017,3,-1,6
1.1336,-74,80,8013,3,-1,8,124,126,124,-59,95,8027,2,-1,6
1.1496,-50,96,8015,4,1,6,124,126,124,-63,91,8023,2,-1,6
1.1656,-76,76,7965,4,2,7,124,126,124,-60,92,8021,2,-1,6
1.1656,-36,110,8003,3,1,8,124,126,124,-64,88,8007,2,-1,6
1.1816,-46,104,8003,4,2,8,124,126,124,-57,93,8006,2,-1,6
1.1976,-84,106,8021,4,2,8,124,126,124,-55,95,8005,2,-1,6
1.1976,-40,106,7991,4,0,7,124,126,124,-63,97,8009,2,-1,6
1.2136,-42,74,8011,6,-1,8,124,126,124,-58,99,8004,2,-1,6
1.2137,-58,70,7989,4,-1,7,124,126,124,-54,92,8005,3,-1,6
1.2296,-76,110,8013,2,0,9,124,126,124,-55,86,8001,3,-1,6
1.2456,-28,98,8023,3,0,8,124,126,124,-61,92,8004,2,-1,6
1.2456,-40,42,8047,7,0,8,124,126,124,-53,93,8008,2,-1,6
1.2616,-36,86,7947,4,0,8,124,126,124,-50,80,8017,3,-1,6
1.2776,-76,96,8081,4,-1,9,124,126,124,-47,81,7999,3,-1,6
1.2776,-68,108,8037,5,-2,8,124,126,124,-55,84,8019,3,-1,6
1.2936,-58,76,7991,2,-2,7,124,126,124,-59,90,8023,3,-2,6
1.2936,-48,126,8067,4,0,8,124,126,124,-59,86,8015,2,-2,6
1.3096,-46,138,8003,7,-2,8,124,126,124,-57,96,8028,2,-2,6
1.3257,-70,92,7961,8,-1,8,124,126,124,-55,106,8021,3,-2,6
1.3258,-58,100,7979,4,-1,10,124,126,124,-59,102,8006,4,-2,6
1.3416,-76,90,8015,4,0,8,124,126,124,-59,101,7999,4,-2,7
1.3576,-42,116,7963,6,1,8,124,126,124,-64,98,8003,4,-2,7
1.3577,-48,84,8043,4,1,8,124,126,124,-59,102,7993,4,-2,7
1.3737,-40,90,7961,5,0,10,124,126,124,-57,97,8005,4,-2,7
1.3896,-92,74,8009,3,0,9,124,126,124,-53,95,7994,4,-2,7
1.3896,-54,92,8021,2,1,10,124,126,124,-63,89,7997,3,-2,7
1.4055,-56,116,8029,7,-1,9,124,126,124,-61,89,8003,2,-2,7
1.4056,-62,122,7999,5,1,9,124,126,124,-60,95,8009,3,-2,7
1.4217,-24,90,8059,5,-1,8,124,126,124,-61,101,8006,3,-2,7
1.4376,-74,114,8019,3,1,7,124,126,124,-52,98,8019,3,-2,7
1.4377,-52,102,7993,4,1,10,124,126,124,-58,102,8019,3,-2,7
1.4535,-62,84,8001,6,2,10,124,126,124,-57,102,8012,3,-2,7
1.4697,-68,80,7989,3,1,9,124,126,124,-59,97,8009,3,-1,7
1.4698,-56,92,7981,3,2,10,124,126,124,-62,92,8004,3,-1,7
1.4872,-60,94,8007,3,0,9,124,126,124,-61,92,7998,3,-1,7
1.5015,-74,104,7951,3,0,9,124,126,124,-61,92,8000,3,-1,7
1.5015,-66,64,8001,4,0,8,124,126,124,-65,95,7987,3,-1,7
1.5175,-88,72,7969,4,2,6,124,126,124,-66,87,7990,3,-1,7
1.5175,-50,84,7987,3,0,7,124,126,124,-72,83,7984,3,-1,6
1.5336,-40,86,8019,2,0,8,124,126,124,-67,83,7984,3,-1,6
1.5496,-32,106,8055,3,-2,6,124,126,124,-61,83,7992,2,-1,6
1.5497,-32,96,7993,2,0,7,124,126,124,-54,88,8007,2,-2,6
1.5658,-70,78,8005,4,-1,9,124,126,124,-49,90,8003,2,-2,6
1.5816,-60,110,8031,3,-3,6,124,126,124,-55,87,8003,2,-2,6
1.5816,-38,102,8025,1,-2,7,124,126,124,-57,92,8010,2,-3,6
1.5975,-30,98,8025,2,0,8,124,126,124,-53,94,8013,1,-3,6
1.5976,-60,116,8005,6,0,8,124,126,124,-48,95,8016,1,-3,6
1.6135,-68,98,8053,5,0,10,124,126,124,-51,100,8013,2,-3,6
1.6296,-62,122,8025,4,-2,8,124,126,124,-56,99,8023,2,-3,7
1.6296,-64,104,8039,2,-1,8,124,126,124,-58,104,8023,2,-3,7
1.646,-50,92,7993,5,-1,8,124,126,124,-60,104,8027,2,-3,7
1.6616,-44,96,8019,3,-1,9,124,126,124,-58,101,8018,2,-3,7
1.6617,-48,102,7977,5,0,7,124,126,124,-55,99,8018,2,-3,7
1.6775,-60,108,7981,4,0,9,124,126,124,-54,99,8007,2,-3,7
1.6936,-34,96,8059,4,0,9,124,126,124,-56,101,8000,2,-3,7
1.6936,-18,94,8043,5,1,7,124,126,124,-51,99,8014,2,-3,7
1.7095,-46,74,8045,6,2,4,124,126,124,-43,97,8021,2,-2,7
1.7096,-54,90,8027,5,2,8,124,126,124,-44,91,8027,3,-1,6
1.7255,-66,88,7977,3,-1,7,124,126,124,-47,90,8027,3,-1,6
1.7415,-50,110,7969,4,2,8,124,126,124,-52,89,8014,3,-1,6
1.7416,-68,112,8019,5,1,8,124,126,124,-52,94,8002,3,-1,6
1.7575,-74,96,8047,8,1,8,124,126,124,-56,98,8006,3,-1,6
1.7735,-36,86,7993,6,-2,4,124,126,124,-61,97,8016,4,-1,6
1.7736,-66,92,7995,4,-1,8,124,126,124,-55,94,8010,4,-2,5
1.7895,-72,124,8017,3,0,10,124,126,124,-58,93,8006,4,-2,5
1.8054,-40,102,7983,2,0,8,124,126,124,-62,100,8008,3,-2,6
1.8055,-14,92,7983,4,0,9,124,126,124,-57,100,8001,2,-2,6
1.8215,-38,86,7979,3,-2,7,124,126,124,-47,98,7996,2,-2,6
1.8216,-8,78,8053,5,-2,9,124,126,124,-45,95,7991,2,-2,6
1.8376,-32,80,7965,1,-1,9,124,126,124,-36,90,8006,2,-2,6
1.8536,-64,88,8003,4,-1,10,124,126,124,-35,87,7995,1,-2,6
1.8536,-36,92,8025,4,-1,9,124,126,124,-43,87,7997,1,-2,7
1.8695,-86,98,8075,3,0,6,124,126,124,-42,88,8004,1,-2,7
1.8856,-46,90,8049,5,-1,7,124,126,124,-53,90,8021,1,-2,6
1.8856,-80,112,7987,6,-1,7,124,126,124,-52,90,8028,2,-2,6
1.9017,-64,110,7995,6,-1,7,124,126,124,-59,95,8017,3,-2,6
1.9018,-76,106,7959,4,-2,7,124,126,124,-61,98,8011,3,-2,6
1.9175,-50,86,7983,6,1,6,124,126,124,-65,100,7998,3,-2,6
1.9336,-50,84,8033,5,0,8,124,126,124,-62,96,7994,3,-2,6
1.9336,-62,68,7999,4,-1,8,124,126,124,-59,93,8003,3,-2,6
1.9497,-50,78,8033,2,2,9,124,126,124,-60,86,8002,3,-2,6
1.9655,-58,100,8017,3,2,7,124,126,124,-58,84,8009,2,-1,6
1.9656,-86,98,8023,2,-1,7,124,126,124,-58,88,8011,2,-1,6
1.9815,-66,100,8025,6,-2,7,124,126,124,-65,90,8014,2,-1,6
1.9977,-62,118,7979,8,1,8,124,126,124,-66,92,8016,3,-2,6
1.9977,-50,80,7985,6,2,9,124,126,124,-65,98,8006,4,-2,6
2.0139,-86,92,8039,4,0,8,124,126,124,-62,93,8000,4,-1,6
2.014,-34,88,8047,5,-1,9,124,126,124,-68,92,8009,4,-1,6
2.0295,-74,106,8023,3,-2,9,124,126,124,-60,91,8018,4,-1,6
2.0457,-22,88,8055,6,0,10,124,126,124,-64,94,8019,3,-2,6
2.0458,-58,48,8059,5,1,8,124,126,124,-54,92,8028,3,-2,7
2.0616,-44,108,8015,2,0,7,124,126,124,-55,81,8035,3,-2,7
2.0775,-44,122,7991,2,0,7,124,126,124,-53,87,8030,2,-2,7
2.0776,-68,84,8051,3,2,8,124,126,124,-51,95,8020,2,-2,7
2.0937,-72,78,7965,3,-1,8,124,126,124,-56,92,8027,2,-1,7
2.0937,-56,130,7985,1,1,7,124,126,124,-60,88,8011,2,-1,7
2.1096,-58,100,8013,3,2,9,124,126,124,-59,98,8004,1,-1,7
2.1255,-54,98,8033,3,3,9,124,126,124,-59,98,8006,1,-1,7
2.1256,-48,108,8001,2,1,7,124,126,124,-58,98,8012,1,0,7
2.1415,-36,80,8037,3,2,8,124,125,124,-56,100,8009,1,0,7
2.1576,-66,86,8031,3,2,10,124,125,124,-51,95,8016,1,0,7
2.1576,-80,66,7963,1,3,7,124,125,124,-55,92,8019,1,0,7
2.1736,-32,100,8027,2,0,8,124,125,124,-62,85,8005,1,0,7
2.1895,-78,102,8013,0,-1,9,124,125,124,-55,88,8010,1,0,7
2.1896,-88,102,8045,3,0,9,124,125,124,-61,91,8010,0,-1,7
2.2056,-48,94,8007,4,0,7,124,126,124,-68,93,8018,0,-1,7
2.2056,-58,132,7997,4,1,9,124,126,124,-63,93,8015,1,-1,7
2.2216,-62,84,7993,6,0,6,124,126,124,-62,102,8010,1,-1,7
2.2375,-50,126,8005,3,1,7,124,126,124,-62,97,8005,2,-1,6
2.2376,-52,116,8043,5,1,9,124,126,124,-59,104,8005,2,-1,6
2.2535,-56,74,7955,4,0,6,124,126,124,-58,107,8014,2,-1,6
2.2696,-88,112,8045,5,0,8,124,126,124,-58,98,7999,2,-1,6
2.2696,-54,96,8065,3,0,9,124,126,124,-66,101,8010,2,-1,6
2.2855,-52,96,8029,1,1,8,124,125,124,-63,99,8023,2,-1,6
2.3015,-64,96,8035,3,-1,8,124,125,124,-61,98,8024,1,-1,6
2.3015,-36,96,8025,4,1,8,124,125,124,-62,97,8026,1,-1,6
2.3175,-64,82,8013,3,2,10,124,125,124,-56,96,8025,1,-1,6
2.3176,-44,72,8061,1,4,7,124,125,124,-58,92,8022,1,-1,7
2.3335,-78,104,7977,5,1,6,124,125,124,-55,87,8031,1,0,7
2.3495,-98,120,7947,6,2,9,124,124,124,-61,91,8017,2,0,6
2.3496,-52,112,7965,2,-1,9,124,124,124,-71,98,7999,3,0,6
2.3655,-74,94,8101,4,0,10,124,124,124,-67,101,7990,2,-1,6
2.3817,-76,84,8003,4,0,9,124,124,124,-69,99,8017,2,-1,7
2.3818,-32,94,8015,4,2,7,124,125,124,-71,95,8013,2,-1,7
2.3975,-34,102,8057,4,1,6,124,125,124,-62,94,8013,2,-1,7
2.3976,-58,68,8043,4,1,6,124,125,124,-55,96,8024,2,-1,6
2.414,-96,98,8009,6,-1,8,124,125,124,-56,89,8028,2,-1,6
2.4295,-80,106,7973,3,2,6,124,125,124,-66,91,8023,3,-1,6
2.4296,-34,112,8031,6,2,10,124,125,124,-70,94,8010,3,-1,6
2.4455,-64,114,8021,2,-2,8,124,125,124,-61,98,8015,3,-1,7
2.4615,-52,92,8029,3,1,7,124,125,124,-62,102,8016,2,-2,7
2.4616,-42,72,8037,2,1,9,124,125,124,-60,99,8019,2,-2,7
2.4775,-62,118,7989,4,-1,9,124,125,124,-56,92,8023,2,-2,7
2.4935,-24,102,7973,5,2,7,124,125,124,-58,98,8014,2,-2,7
2.4936,-34,114,8025,2,-1,8,124,125,124,-50,99,8003,2,-1,7
2.5095,-66,82,8017,1,2,5,124,125,124,-46,102,8008,2,-1,7
2.5096,-50,130,8011,3,5,6,124,125,124,-51,97,8010,1,-1,6
2.5255,-44,92,8015,4,2,11,124,125,124,-51,105,8010,1,0,6
2.5415,-64,114,7989,4,2,8,124,125,124,-50,101,8011,1,0,7
2.5415,-64,102,7997,3,1,9,124,124,124,-54,104,8005,1,0,7
2.5575,-62,108,7981,5,2,10,124,124,124,-57,103,8003,1,0,7
2.5738,-76,108,7997,1,0,10,124,124,124,-59,104,7997,2,0,7
2.5739,-24,82,8053,3,0,8,124,124,124,-64,105,7997,1,0,7
2.5895,-38,98,8015,5,2,8,124,124,124,-54,99,8011,1,0,7
2.5895,-42,92,7987,4,2,9,124,124,124,-50,98,8012,2,0,7
2.6055,-78,114,8051,3,2,9,124,124,124,-48,96,8005,2,0,7
2.6216,-56,108,8033,4,2,7,124,124,124,-56,100,8016,2,0,7
2.6217,-52,110,7987,7,2,7,124,124,124,-56,102,8020,2,0,7
2.6375,-78,112,8049,6,-1,6,124,124,124,-55,104,8011,3,0,7
2.6535,-66,150,8023,4,0,6,124,124,124,-61,106,8020,3,-1,6
2.6535,-42,134,8023,2,-1,9,124,124,124,-63,117,8020,3,-1,6
2.6696,-66,96,7987,3,3,9,124,125,124,-58,121,8020,2,-1,6
2.6855,-62,64,8065,4,0,8,124,125,124,-60,114,8011,2,0,6
2.6855,-78,110,8009,3,1,7,124,124,124,-61,101,8024,2,0,6
2.7015,-28,86,7989,3,2,7,124,124,124,-66,103,8020,2,0,6
2.7015,-52,108,8007,3,1,8,124,124,124,-57,98,8012,2,0,6
2.7175,-78,98,8005,4,-2,9,124,124,124,-56,100,8010,2,0,6
2.7335,-74,94,8031,4,-1,9,124,124,124,-62,99,8008,2,-1,6
2.7335,-74,94,7949,3,-1,10,124,124,124,-65,97,8013,2,-1,6
2.7505,-32,106,8033,4,1,10,124,125,124,-68,96,7997,2,-1,7
2.7654,-24,86,8037,2,-2,7,124,125,124,-59,98,8006,2,-1,7
2.7655,-60,84,8027,3,-1,5,124,125,124,-51,95,8013,2,-2,7
2.7814,-40,68,8009,2,2,8,124,125,124,-54,92,8016,2,-2,6
2.7974,-62,108,8003,3,1,8,124,125,124,-51,86,8014,2,-1,6
2.7975,-42,80,8053,6,2,7,124,125,124,-54,91,8011,2,-1,6
2.8135,-42,104,8027,4,2,8,124,125,124,-51,88,8021,3,-1,6
2.8135,-68,82,8013,5,-1,8,124,125,124,-49,92,8022,3,-1,6
2.8294,-64,84,8073,3,1,7,124,125,124,-54,89,8019,3,-1,6
2.8455,-68,88,8041,6,-1,8,124,125,124,-57,87,8032,3,-1,6
2.8455,-86,92,8025,3,-1,8,124,125,124,-60,87,8034,3,-1,6
2.8614,-84,118,8025,4,-1,9,124,125,124,-67,88,8031,3,-1,6
2.8774,-68,122,8117,5,3,7,124,125,124,-72,95,8029,3,-1,6
2.8775,-62,98,8047,2,1,6,124,125,124,-71,101,8051,3,0,6
2.8935,-50,126,8061,1,2,5,124,125,124,-69,100,8050,2,0,6
2.8935,-70,86,8065,3,0,8,124,124,124,-65,106,8052,1,0,5
2.9101,-60,66,7941,3,2,8,124,124,124,-67,101,8055,1,0,5
2.9254,-50,86,8041,4,1,7,124,124,124,-66,92,8026,1,0,5
2.9254,-72,92,7995,5,0,7,124,124,124,-62,90,8029,1,0,5
2.9415,-38,108,7991,7,1,9,124,124,124,-65,90,8020,2,0,5
2.9575,-48,102,8037,4,0,7,124,124,124,-59,94,8012,3,0,6
2.9575,-66,128,8089,4,0,9,124,124,124,-57,96,8018,3,0,6
2.9734,-72,106,8045,4,1,10,124,124,124,-60,104,8035,3,0,6
2.9894,-76,106,8029,7,1,7,124,124,124,-63,104,8037,3,0,7
2.9895,-60,106,8047,4,-2,7,124,124,124,-67,104,8035,4,0,7
3.0056,-26,82,8025,3,-2,7,124,124,124,-66,104,8038,4,-1,7
3.0056,-48,90,8001,1,-1,9,124,124,124,-56,98,8034,3,-2,7
3.0214,-76,104,8059,2,3,8,124,125,124,-54,96,8025,2,-2,7
3.0374,-76,104,8063,3,2,7,124,125,124,-60,98,8033,2,-1,7
3.0375,-52,92,7993,1,-3,9,124,125,124,-64,99,8040,2,-1,7
3.0536,-20,78,8037,3,0,11,124,125,124,-61,97,8028,1,-2,7
3.0694,-74,110,8067,4,-1,9,124,125,124,-51,92,8030,1,-2,8
3.0695,-50,72,7999,4,1,8,124,125,124,-57,96,8039,1,-2,8
3.0854,-82,88,8089,3,0,8,124,125,124,-56,90,8029,1,-2,8
3.0855,-76,86,8043,4,0,6,124,125,124,-63,89,8044,1,-2,8
3.1016,-60,106,7993,6,0,7,124,125,124,-67,88,8043,1,-2,7
3.1179,-64,98,8015,4,-1,7,124,125,124,-66,92,8030,2,-2,7
3.1179,-42,114,8063,5,-1,8,124,125,124,-66,93,8026,2,-2,7
3.1334,-50,86,7973,4,-2,9,124,125,124,-60,98,8035,2,-2,7
3.1496,-68,72,7983,4,-1,8,124,125,124,-58,95,8019,2,-2,7
3.1496,-42,96,8051,2,0,6,124,125,124,-61,89,8010,2,-2,7
3.1654,-60,116,7985,4,-1,8,124,125,124,-57,90,8020,2,-2,6
3.1814,-54,90,7969,3,2,9,124,125,124,-58,96,8011,2,-2,6
3.1815,-64,134,7969,4,0,7,124,125,124,-57,94,8000,2,-1,6
3.1974,-54,98,8035,1,0,7,124,125,124,-59,104,7992,2,-1,6
3.1975,-52,78,7981,3,1,8,124,125,124,-58,102,8002,1,-1,6
3.2134,-54,136,7957,3,-1,8,124,125,124,-57,96,7996,1,-1,6
3.2294,-54,102,8033,2,0,8,124,125,124,-57,106,7986,1,-1,6
3.2295,-76,94,8017,3,0,8,124,125,124,-57,105,7997,1,-1,6
3.2456,-62,70,7993,4,2,8,124,125,124,-62,102,8002,1,-1,6
3.2614,-30,114,8019,4,1,8,124,125,124,-62,94,7999,1,-1,6
3.2615,-94,64,7975,6,-1,7,124,125,124,-54,99,8004,1,-1,6
3.2777,-78,124,8017,6,0,8,124,125,124,-64,90,7996,2,-1,6
3.2934,-88,86,8001,5,0,9,124,125,124,-68,98,8001,3,-1,6
3.2935,-86,66,8005,3,-1,8,124,125,124,-73,95,8001,3,-1,6
3.3094,-24,98,7987,3,1,9,124,125,124,-77,87,8002,3,-1,6
3.3095,-96,60,8025,1,2,8,124,125,124,-64,89,7998,3,-1,6
3.3254,-64,86,8051,3,1,10,124,125,124,-72,81,8004,2,-1,6
3.3414,-48,116,7985,6,-2,8,124,125,124,-70,82,8015,2,-1,7
3.3415,-56,112,8059,4,-2,8,124,125,124,-65,90,8007,3,-2,7
3.3574,-46,126,8031,4,0,7,124,125,124,-63,95,8020,3,-2,7
3.3734,-56,120,8073,2,0,7,124,125,124,-59,102,8022,3,-2,7
3.3735,-40,86,7925,3,-1,9,124,125,124,-59,106,8034,2,-2,7
3.3894,-72,108,7983,4,-1,10,124,125,124,-55,101,8006,2,-2,7
3.3895,-70,94,8063,4,1,10,124,125,124,-60,102,8000,2,-2,7
3.4054,-88,96,8039,2,1,8,124,125,124,-63,100,8015,2,-2,7
3.4214,-66,78,8029,0,0,7,124,125,124,-70,99,8021,2,-2,7
3.4215,-84,104,8061,3,0,8,124,125,124,-69,93,8023,1,-2,7
3.4377,-38,114,7977,2,2,7,124,125,124,-73,95,8032,1,-2,7
3.4534,-54,100,8029,3,1,9,124,125,124,-65,99,8018,1,-1,7
3.4535,-24,116,8001,5,-1,8,124,125,124,-63,99,8020,1,-1,7
3.4695,-76,124,8007,2,-1,6,124,125,124,-54,103,8015,2,-1,7
3.4859,-74,80,8005,4,0,7,124,125,124,-60,108,8013,2,-1,6
3.486,-82,84,8017,6,-1,7,124,125,124,-64,101,8011,2,-1,6
3.5014,-66,92,8031,4,-1,7,124,125,124,-69,96,8012,3,-1,6
3.5015,-60,124,7995,2,0,9,124,125,124,-69,95,8016,3,-1,6
3.5175,-94,102,8013,4,1,9,124,125,124,-67,102,8010,2,-1,6
3.5335,-18,112,8039,5,1,8,124,125,124,-74,102,8010,2,-1,6
3.5335,-58,100,7977,5,1,8,124,125,124,-60,104,8017,2,-1,6
3.5494,-52,112,7981,5,0,8,124,125,124,-60,103,8007,2,-1,6
3.5655,-66,112,7995,4,0,7,124,125,124,-58,105,8000,2,-1,6
3.5655,-46,114,8023,6,1,9,124,125,124,-60,106,7998,2,-1,6
3.5816,-82,94,8021,6,3,6,124,125,124,-57,108,8004,3,-1,6
3.5974,-62,74,7981,5,0,6,124,125,124,-64,104,8008,3,0,6
3.5974,-56,96,7973,4,2,8,124,125,124,-64,96,8001,3,0,6
3.6134,-66,82,7955,3,0,9,124,124,124,-62,96,7994,3,0,6
3.6134,-54,78,8029,5,0,8,124,124,124,-63,92,7984,3,0,6
3.6294,-34,86,8047,4,-1,6,124,124,124,-61,88,7995,3,0,6
3.6458,-52,90,8027,4,-1,7,124,124,124,-55,87,8008,3,-1,6
3.6459,-38,126,7961,2,1,6,124,125,124,-55,87,8012,3,-1,6
3.6614,-52,92,8009,6,1,8,124,125,124,-51,96,7999,2,-1,6
3.6776,-28,92,7963,4,-1,5,124,125,124,-52,95,8001,3,-1,6
3.6776,-56,104,8005,2,0,6,124,125,124,-46,94,7991,3,-1,5
3.6935,-88,90,8035,6,0,8,124,125,124,-49,96,7994,2,-1,5
3.6935,-78,104,8073,4,0,9,124,125,124,-59,94,8004,3,-1,5
3.7094,-74,110,7981,7,-1,8,124,125,124,-64,96,8021,3,-1,6
3.7256,-78,54,8041,6,-1,10,124,125,124,-67,99,8011,4,-1,6
3.7256,-48,70,7995,2,0,9,124,125,124,-70,87,8018,4,-1,7
3.7414,-32,82,7979,6,0,9,124,125,124,-65,82,8012,3,-1,7
3.7574,-62,122,8003,6,2,6,124,125,124,-57,82,8003,3,-1,7
3.7574,-16,104,8017,3,2,6,124,125,124,-59,92,8003,3,-1,6
3.7736,-66,56,8039,6,1,6,124,125,124,-49,95,8006,3,-1,6
3.7894,-70,80,7969,4,1,6,124,125,124,-54,85,8014,3,-1,6
3.7895,-38,74,8041,3,0,9,124,125,124,-58,83,8002,3,-1,6
3.8054,-60,108,8003,3,0,8,124,125,124,-53,80,8011,3,-1,6
3.8054,-2790,508,10433,86,442,25,124,125,124,-55,87,8009,3,-1,6
3.8221,-736,552,7935,17,69,128,124,125,124,-739,192,8615,23,109,10
3.8375,-564,1108,7255,23,78,375,124,125,124,-739,282,8445,21,99,39
3.8376,-1024,608,7999,-25,12,761,124,123,124,-696,488,8147,21,93,123
3.8535,-522,134,8023,-41,19,1164,124,123,124,-778,518,8110,9,72,282
3.8694,200,132,8047,-53,6,1321,124,123,123,-714,422,8088,-4,58,502
3.8695,250,476,8069,-62,8,1408,124,123,123,-486,349,8077,-17,45,706
3.8854,-132,1030,7687,-60,33,1597,126,123,121,-302,380,8075,-29,35,881
3.8855,-458,762,8317,-70,53,1972,126,123,121,-260,542,7978,-37,34,1060
3.9016,-196,-386,7911,-74,4,2166,126,123,118,-310,597,8062,-46,38,1288
3.9174,790,-1172,8051,-67,11,1968,126,123,118,-282,351,8024,-53,29,1507
3.9174,966,-786,7941,-53,14,1483,126,123,115,-14,-30,8030,-57,24,1622
3.9335,200,-176,8133,-37,4,1064,126,123,115,231,-219,8007,-56,21,1587
3.9495,196,-82,7827,-25,0,810,126,123,110,223,-209,8038,-52,16,1456
3.9495,32,100,7989,-23,-3,635,126,123,110,216,-178,7985,-46,12,1294
3.9654,254,-392,8127,-15,-6,466,126,123,109,170,-109,7986,-41,8,1129
3.9814,-90,20,8127,-5,-8,192,126,123,109,191,-180,8021,-35,4,963
3.9814,-80,94,8043,1,-13,60,126,123,108,120,-130,8047,-28,1,770
3.9975,-76,104,8087,-1,-15,22,126,123,108,70,-74,8046,-21,-3,592
3.9975,-60,110,8029,-5,-50,13,126,124,107,33,-30,8056,-16,-6,449
4.0141,-96,86,8023,-8,-86,9,126,124,107,9,5,8049,-14,-17,340
4.0294,-70,116,7993,-6,-70,9,126,125,107,-18,25,8042,-13,-35,257
4.0294,162,564,8049,0,-53,31,126,125,107,-31,47,8029,-12,-44,195
4.0455,154,624,8025,0,-45,121,126,125,108,17,176,8034,-9,-47,154
4.0615,332,-150,7987,-3,-32,188,126,125,108,51,288,8031,-7,-47,145
4.0615,408,-228,8083,1,4,19,125,125,108,121,178,8020,-6,-44,155
4.0774,-38,150,8039,9,2,-184,125,125,108,192,76,8035,-5,-32,121
4.0934,-286,148,8057,10,7,-207,125,125,107,134,94,8036,-2,-24,44
4.0934,-230,44,7973,6,5,-132,125,125,107,29,107,8041,1,-17,-19
4.1094,-222,-12,8053,4,5,-64,124,125,108,-36,91,8024,2,-12,-48
4.1095,-480,6,8085,5,13,-14,124,125,108,-83,65,8031,2,-8,-52
4.1254,44,-216,8147,4,12,47,124,125,108,-183,50,8044,2,-3,-43
4.1414,-474,-84,7961,8,-43,16,124,125,108,-127,-17,8069,2,0,-21
4.1414,-1670,858,7989,8,-79,-183,124,124,108,-214,-34,8042,3,-11,-12
4.1574,-1212,1222,7875,6,-90,-149,124,124,108,-578,189,8028,4,-28,-55
4.1738,-1322,622,8297,-10,-107,195,124,125,108,-737,447,7989,4,-44,-79
4.1739,-612,262,8487,-25,-250,527,124,125,108,-884,490,8066,0,-60,-11
4.1894,-144,524,8139,-74,-426,680,125,125,108,-816,433,8171,-7,-108,123
4.1894,-634,762,8969,-337,-357,785,125,125,108,-648,455,8163,-24,-188,262
4.2054,-784,732,8533,-636,-483,952,126,127,106,-645,531,8364,-103,-231,392
4.2215,-264,298,8715,-701,-773,1268,126,127,106,-680,581,8406,-237,-294,532
4.2217,274,-120,8461,-612,-1154,1597,129,129,105,-576,510,8483,-353,-414,716
4.2374,730,-484,8731,-482,-1573,1756,129,129,105,-364,352,8477,-418,-599,936
4.2536,1020,-204,8479,-388,-1983,1714,133,134,102,-91,143,8540,-434,-843,1141
4.2536,1278,242,8373,-387,-2076,1591,133,134,102,186,56,8524,-423,-1128,1284
4.2695,1282,150,9389,-422,-2192,1435,133,142,98,459,102,8486,-414,-1365,1360
4.2854,886,192,8937,-360,-2622,1305,133,142,98,664,114,8711,-416,-1572,1378
4.2854,956,102,7925,-350,-3014,1302,133,151,96,719,133,8767,-402,-1835,1359
4.3014,962,-208,8061,-455,-3079,1428,133,151,96,778,125,8556,-389,-2130,1344
4.3014,1098,-1192,8595,-558,-3126,1551,133,161,93,824,41,8432,-406,-2368,1365
4.3174,1202,-946,8313,-637,-3312,1540,133,161,93,892,-268,8472,-444,-2558,1411
4.3334,632,42,7849,-712,-3426,1557,133,169,90,969,-438,8432,-493,-2747,1443
4.3334,1162,378,7487,-806,-3324,1704,133,169,90,884,-318,8286,-548,-2917,1471
4.3494,1434,4,7473,-923,-3059,1862,135,178,88,953,-144,8086,-613,-3019,1529
4.3655,1598,-366,7775,-1026,-2834,1960,135,178,88,1073,-107,7932,-691,-3029,1612
4.3656,1718,-402,8027,-1026,-2783,1991,137,182,84,1204,-172,7892,-775,-2981,1699
4.3819,1700,-136,8127,-930,-2962,2020,137,182,84,1332,-230,7925,-838,-2932,1772
4.3819,1554,116,7863,-779,-3138,2105,140,182,81,1424,-207,7975,-861,-2940,1834
4.3974,2470,-1224,9017,-692,-3376,2275,140,182,81,1456,-127,7947,-841,-2990,1901
4.4135,2562,-586,6575,-687,-3612,2325,140,186,76,1709,-402,8214,-804,-3087,1994
4.4135,2758,-744,7289,-576,-3163,2210,140,186,76,1922,-448,7804,-775,-3219,2076
4.4294,2920,-1478,7827,-510,-2713,2128,139,192,71,2131,-522,7675,-726,-3205,2109
4.4453,3042,-1824,8497,-502,-2786,2003,139,192,71,2328,-761,7713,-672,-3082,2113
4.4454,3086,-1156,8427,-533,-3491,1699,136,192,67,2506,-1027,7909,-630,-3008,2085
4.4614,2072,4,6775,-855,-4528,1501,136,192,67,2651,-1060,8038,-606,-3129,1988
4.4773,706,852,5607,-1500,-5202,1703,135,195,64,2506,-794,7722,-669,-3479,1866
4.4774,4256,-740,7029,-2081,-5340,2165,135,195,64,2056,-383,7193,-877,-3910,1825
4.4934,456,-536,9409,-1448,-3759,2079,138,211,60,2606,-473,7152,-1178,-4268,1910
4.4934,1198,-578,6901,-938,-3850,2088,143,217,58,2068,-489,7716,-1246,-4141,1952
4.5094,4954,-2056,8093,-1053,-4383,2471,143,217,58,1850,-512,7512,-1169,-4069,1986
4.526,4702,-1896,7013,-878,-4637,2748,143,217,55,2626,-898,7657,-1140,-4148,2107
4.5261,4756,-1734,5929,-717,-5053,3058,143,217,55,3145,-1148,7496,-1075,-4271,2267
4.5414,6466,-3326,5629,-688,-5268,3367,141,222,50,3547,-1295,7104,-986,-4467,2464
4.5573,7652,-3846,5763,-341,-4836,3016,141,222,50,4276,-1803,6735,-912,-4668,2689
4.5573,7856,-3330,6267,314,-3836,1949,138,231,43,5120,-2314,6492,-770,-4710,2770
4.5734,6756,-2298,6173,886,-2712,664,138,231,43,5804,-2568,6435,-499,-4492,2564
4.5895,5310,-1208,6157,1025,-1911,-225,130,233,38,6042,-2501,6369,-153,-4047,2089
4.5896,4814,-528,6019,738,-1709,-514,130,233,38,5859,-2178,6316,141,-3513,1510
4.6054,4524,-728,6295,263,-1894,-446,117,220,38,5597,-1766,6241,290,-3062,1004
4.6054,4574,-2062,7525,-87,-2328,-357,117,220,38,5328,-1507,6254,283,-2770,641
4.6214,4620,-2790,9027,-275,-3281,-426,113,211,39,5139,-1646,6571,190,-2660,391
4.6374,4646,-1834,8965,-118,-4555,-700,113,211,39,5009,-1932,7185,73,-2816,186
4.6374,4158,-746,8917,468,-5388,-936,113,211,40,4918,-1908,7630,25,-3251,-36
4.6533,3598,-324,8481,1262,-5846,-843,113,211,40,4728,-1618,7951,135,-3786,-261
4.6694,4034,-358,7537,2098,-6226,-408,111,229,42,4445,-1295,8083,416,-4301,-407
4.6694,4928,-1748,6413,2841,-6537,92,111,229,42,4342,-1061,7946,836,-4783,-408
4.6854,5912,-3108,4923,3275,-6339,537,98,246,42,4488,-1233,7562,1337,-5222,-283
4.6854,6500,-4102,4421,3277,-5451,833,98,246,42,4844,-1702,6902,1821,-5502,-78
4.7013,6730,-3562,4225,3107,-4344,1062,80,255,42,5258,-2302,6281,2185,-5490,149
4.7173,6692,-2410,4599,3010,-4035,1149,80,255,42,5626,-2617,5767,2415,-5204,377
4.7174,7492,-2246,3759,2865,-4647,1091,68,255,40,5892,-2566,5475,2563,-4912,570
4.7333,7396,-1742,2743,2621,-5384,854,68,255,40,6292,-2486,5046,2638,-4846,700
4.7497,7448,-1142,2379,2240,-5730,540,60,255,38,6568,-2300,4470,2633,-4981,738
4.7498,7636,-546,1531,1820,-5638,266,60,255,38,6788,-2011,3947,2534,-5169,688
4.7654,6478,50,2157,1409,-4892,114,58,255,37,7000,-1645,3343,2355,-5287,582
4.7814,6088,50,1987,1100,-3949,166,58,255,37,6869,-1222,3046,2118,-5189,465
4.7814,5502,-250,2951,832,-3014,330,60,255,36,6673,-904,2781,1863,-4879,390
4.7974,5830,-670,3185,606,-2206,520,60,255,36,6380,-741,2823,1605,-4413,375
4.7975,6766,-890,2623,436,-1266,705,64,255,35,6242,-724,2913,1355,-3862,411
4.8133,6384,-870,3711,249,462,906,64,255,35,6373,-766,2840,1125,-3213,484
4.8293,6358,-898,3839,146,1985,1121,70,239,35,6375,-792,3057,906,-2295,589
4.8294,5810,-982,4361,34,3777,1378,70,239,35,6370,-819,3252,716,-1225,722
4.8454,4742,-1184,6143,51,5086,1688,73,207,33,6230,-860,3529,545,25,886
4.8614,4642,-1584,6551,309,4616,1941,73,207,33,5858,-941,4182,421,1290,1086
4.8615,4890,-1590,5995,652,3048,2095,77,164,29,5554,-1102,4774,393,2121,1299
4.8773,5324,-1336,4973,932,1273,2182,77,164,29,5388,-1224,5079,457,2352,1498
4.8773,5564,-1286,3911,1036,-7,2259,75,144,26,5372,-1252,5052,575,2082,1669
4.8934,5680,-1134,3343,989,-613,2371,75,144,26,5420,-1261,4766,690,1559,1816
4.9093,5692,-1038,3121,824,-809,2522,72,151,21,5485,-1230,4410,764,1016,1954
4.9094,5482,-1036,3109,594,-930,2679,72,151,21,5536,-1182,4087,779,559,2096
4.9254,5798,-1222,3447,330,-1306,2814,69,163,16,5522,-1146,3842,732,186,2241
4.9415,6670,-1574,3093,159,-2174,2832,69,163,16,5591,-1165,3743,631,-187,2384
4.9415,7270,-2118,2479,-14,-3092,2704,71,173,11,5860,-1268,3580,513,-684,2496
4.9574,7360,-2422,2463,-288,-3495,2493,71,173,11,6212,-1481,3304,381,-1286,2548
4.9738,7406,-2376,2811,-562,-3523,2305,74,189,6,6499,-1717,3093,213,-1839,2534
4.9739,7702,-2420,2967,-752,-3423,2169,74,189,6,6725,-1882,3022,19,-2260,2476
4.9894,8320,-2656,3063,-910,-3137,2028,79,204,1,6969,-2017,3008,-174,-2551,2399
4.9895,8570,-2880,3635,-1009,-2783,1781,79,204,1,7306,-2177,3021,-358,-2698,2306
5.0054,8654,-2932,4039,-1004,-2512,1450,84,212,0,7622,-2353,3174,-521,-2720,2174
5.0213,8888,-2852,4043,-914,-2295,1038,84,212,0,7880,-2498,3390,-642,-2668,1993
5.0214,8768,-2914,4211,-738,-2098,604,89,212,0,8132,-2587,3553,-710,-2575,1754
5.0374,8562,-3002,3939,-514,-1990,185,89,212,0,8291,-2669,3717,-717,-2456,1466
5.0533,8168,-2866,3635,-280,-1883,-163,89,210,0,8358,-2753,3772,-667,-2340,1145
5.0534,7956,-2780,3263,-96,-1681,-416,89,210,0,8310,-2782,3737,-571,-2226,818
5.0693,7778,-2782,3055,59,-1361,-602,86,207,0,8221,-2782,3618,-453,-2090,509
5.0855,7580,-2810,2919,242,-987,-751,86,207,0,8110,-2782,3477,-325,-1908,231
5.0856,7446,-2894,2683,419,-763,-862,81,203,0,7977,-2789,3337,-184,-1678,-15
5.1013,7242,-2826,2269,562,-597,-971,81,203,0,7844,-2816,3173,-34,-1450,-227
5.1014,7002,-2664,1787,622,-427,-1062,75,196,0,7693,-2819,2947,115,-1237,-413
5.1177,6706,-2366,1335,596,-286,-1118,75,196,0,7520,-2781,2657,241,-1035,-576
5.1333,6462,-2254,979,488,-150,-1097,70,190,0,7316,-2678,2326,329,-848,-712
5.1334,6032,-2174,929,299,20,-1005,70,190,0,7102,-2572,1989,368,-674,-809
5.1493,5818,-2084,881,66,235,-815,68,183,0,6834,-2473,1724,350,-501,-858
5.1653,5796,-2166,1241,-202,455,-503,68,183,0,6580,-2376,1513,279,-317,-848
5.1654,5998,-2274,1687,-418,563,-171,68,177,1,6384,-2324,1445,158,-124,-762
5.1813,6384,-2366,2247,-566,520,142,68,177,1,6287,-2312,1505,14,47,-615
5.1814,6868,-2522,2605,-612,357,388,72,171,1,6311,-2326,1690,-131,165,-426
5.1973,7186,-2774,2597,-585,159,526,72,171,1,6450,-2375,1918,-252,213,-223
5.2135,7232,-2874,2579,-541,-30,558,76,166,0,6634,-2475,2087,-336,199,-36
5.2135,7132,-2746,2139,-526,-181,535,76,166,0,6783,-2575,2210,-388,141,112
5.2293,7130,-2424,1901,-566,-164,511,79,166,0,6870,-2618,2192,-423,60,217
5.2453,7204,-2376,2091,-641,21,502,79,166,0,6935,-2570,2119,-459,4,290
5.2454,7320,-2544,2465,-692,201,492,80,166,0,7002,-2522,2112,-505,8,343
5.2613,7548,-2684,2657,-698,343,448,80,166,0,7081,-2528,2200,-552,56,380
5.2776,7710,-2798,2813,-651,507,338,81,165,0,7197,-2567,2314,-589,127,397
5.2777,7734,-2924,2965,-582,700,148,81,165,0,7325,-2625,2438,-605,222,382
5.2933,7810,-2754,2759,-507,909,-124,82,161,0,7427,-2700,2569,-600,341,323
5.2934,7462,-2506,2725,-411,1177,-416,82,161,0,7522,-2714,2616,-577,483,211
5.3093,7130,-2500,2673,-320,1471,-673,81,156,0,7507,-2662,2643,-536,656,54
5.3253,6976,-2494,2749,-265,1701,-813,80,152,0,7412,-2622,2650,-482,859,-128
5.3254,6868,-2486,2917,-238,1818,-867,80,152,0,7303,-2590,2674,-428,1069,-300
5.3413,6882,-2638,2913,-213,1859,-860,78,145,0,7194,-2564,2734,-381,1256,-442
5.3573,6960,-2670,2873,-197,1858,-840,78,145,0,7116,-2583,2778,-339,1406,-547
5.3574,7000,-2544,2799,-198,1826,-835,77,138,1,7077,-2605,2801,-304,1519,-621
5.3734,6952,-2226,2685,-212,1793,-853,77,138,1,7057,-2590,2800,-278,1595,-675
5.3893,6774,-2046,2727,-259,1829,-871,76,133,2,7030,-2499,2771,-262,1644,-720
5.3893,6572,-2008,2999,-357,1947,-866,76,133,2,6966,-2386,2760,-262,1690,-758
5.4053,6448,-1968,3139,-470,2046,-831,76,129,3,6867,-2292,2819,-286,1754,-785
5.4053,6200,-1846,3449,-598,2118,-772,76,129,3,6762,-2211,2899,-332,1827,-797
5.4213,6208,-1546,3853,-709,2181,-652,77,125,6,6621,-2120,3036,-399,1899,-791
5.4375,6438,-1660,4355,-762,2253,-482,77,125,6,6517,-1977,3240,-477,1969,-757
5.4376,6816,-2042,4745,-716,2250,-332,79,120,6,6497,-1898,3518,-549,2040,-689
5.4533,7112,-2062,4861,-593,2125,-257,79,120,6,6576,-1934,3824,-591,2092,-600
5.4695,7310,-2008,4865,-422,1901,-254,82,116,8,6710,-1966,4083,-592,2100,-515
5.4696,7270,-1934,4601,-221,1639,-295,82,116,8,6860,-1977,4278,-550,2050,-450
5.4857,7162,-2018,4421,-86,1454,-330,81,114,8,6962,-1967,4358,-468,1947,-412
5.4857,6990,-2026,4151,-36,1328,-337,81,114,8,7012,-1980,4373,-373,1823,-392
5.5013,6958,-1922,4005,-64,1297,-316,78,117,9,7006,-1992,4317,-289,1699,-379
5.5175,7252,-1958,4263,-134,1346,-280,78,117,9,6994,-1975,4239,-233,1598,-364
5.5175,7436,-2154,4471,-163,1382,-281,75,119,9,7058,-1971,4245,-209,1535,-343
5.5333,7412,-2156,4605,-155,1329,-347,75,119,9,7152,-2017,4301,-198,1496,-328
5.5493,7112,-2042,4745,-119,1242,-423,75,119,10,7217,-2052,4377,-188,1454,-333
5.5494,6852,-1916,4673,-55,1113,-455,75,119,10,7190,-2050,4469,-171,1401,-356
5.5655,6748,-1712,4731,-31,1024,-440,74,120,11,7105,-2017,4520,-142,1329,-381
5.5813,6898,-2012,4741,-20,1001,-405,74,120,11,7015,-1941,4572,-115,1252,-396
5.5814,6972,-2294,4769,43,1080,-420,72,121,11,6985,-1959,4614,-92,1189,-399
5.5973,6976,-1970,4683,102,1166,-502,72,121,11,6981,-2043,4652,-59,1161,-405
5.5974,6818,-1872,4765,129,1237,-598,71,121,12,6979,-2025,4659,-19,1162,-430
5.6135,6458,-1810,4813,127,1218,-674,71,121,12,6938,-1987,4685,18,1180,-472
5.6293,6080,-1562,4749,92,1141,-687,70,120,13,6818,-1943,4717,45,1189,-523
5.6294,5822,-1472,4965,24,1085,-606,70,120,13,6633,-1848,4725,56,1177,-564
5.6463,5868,-1522,5249,-26,1074,-466,70,119,15,6430,-1754,4785,48,1154,-575
5.6615,6104,-1532,5581,-28,1112,-318,70,119,15,6289,-1696,4901,29,1134,-548
5.6615,6576,-1826,5745,64,1183,-216,69,120,16,6242,-1655,5071,14,1128,-491
5.6774,6918,-2050,5791,255,1255,-215,69,120,16,6325,-1698,5239,26,1141,-423
5.6774,6946,-2112,5493,490,1260,-326,70,119,16,6473,-1786,5377,83,1169,-371
5.6934,6602,-1934,5003,649,1201,-489,70,119,16,6591,-1868,5406,184,1191,-360
5.7093,6168,-1570,4689,659,1159,-604,67,117,17,6593,-1885,5305,300,1193,-393
5.7094,6016,-1526,4697,558,1191,-619,67,117,17,6486,-1807,5151,389,1184,-446
5.7253,6036,-1740,4945,450,1261,-582,62,117,18,6368,-1737,5037,431,1185,-490
5.7414,5982,-1808,5073,393,1274,-548,62,117,18,6285,-1738,5014,435,1204,-513
5.7414,5776,-1712,5071,361,1248,-516,62,116,20,6209,-1756,5028,424,1221,-522
5.7573,5604,-1660,4985,329,1205,-458,62,116,20,6100,-1745,5038,408,1227,-521
5.7733,5646,-1518,4917,260,1180,-380,61,114,21,5976,-1724,5024,388,1221,-506
5.7733,5520,-1484,5081,154,1151,-298,61,114,21,5893,-1673,4997,356,1210,-475
5.7894,5610,-1554,5329,18,1134,-201,62,115,21,5799,-1626,5018,305,1195,-431
5.7894,5898,-1614,5567,-60,1153,-127,62,115,21,5751,-1608,5095,233,1179,-374
5.8059,6108,-1656,5789,-69,1186,-110,64,114,21,5787,-1610,5213,159,1172,-313
5.8213,6348,-1784,5799,-18,1257,-155,64,114,21,5867,-1622,5357,102,1175,-263
5.8213,6272,-1922,5751,54,1368,-252,67,114,22,5987,-1663,5467,72,1195,-236
5.8373,5924,-1728,5711,96,1477,-372,67,114,22,6058,-1728,5538,67,1238,-240
5.8534,5614,-1460,5641,73,1566,-453,67,112,22,6024,-1728,5581,74,1297,-273
5.8534,5398,-1238,5689,7,1647,-470,67,112,22,5921,-1661,5596,73,1364,-318
5.8693,5458,-1194,5915,-63,1773,-449,67,110,23,5790,-1556,5619,56,1434,-356
5.8853,5398,-1410,6101,-56,1942,-432,67,110,23,5707,-1466,5693,26,1518,-380
5.8854,5298,-1486,6149,37,2116,-427,68,107,24,5629,-1452,5795,5,1624,-393
5.9015,5050,-1386,6051,153,2260,-424,68,107,24,5546,-1461,5883,13,1747,-402
5.9015,4852,-1526,6015,230,2355,-396,69,102,24,5422,-1443,5925,48,1875,-408
5.9173,4740,-1570,5699,241,2325,-320,69,102,24,5279,-1464,5947,93,1995,-405
5.9333,4658,-1448,5695,200,2215,-192,67,97,25,5144,-1491,5885,130,2077,-384
5.9333,4838,-1370,5739,94,2001,-5,67,97,25,5022,-1481,5837,147,2111,-336
5.9495,4944,-1482,5961,0,1755,159,66,95,26,4976,-1454,5812,133,2083,-254
5.9653,5242,-1536,5987,-56,1494,267,66,95,26,4968,-1461,5849,99,2001,-151
5.9653,5450,-1414,5969,-78,1263,300,68,95,26,5036,-1480,5883,60,1874,-47
5.9813,5340,-1510,6003,-113,1104,288,68,95,26,5139,-1464,5904,25,1721,39
5.9813,5258,-1696,5983,-159,1009,255,69,99,25,5189,-1476,5928,-10,1566,101
5.9973,5266,-1620,6017,-206,938,225,69,99,25,5206,-1531,5941,-48,1426,139
6.0138,5260,-1516,6091,-234,866,218,71,102,25,5221,-1554,5960,-88,1304,160
6.0139,5330,-1632,6353,-242,789,218,71,102,25,5230,-1545,5992,-125,1194,174
6.0293,5382,-1736,6415,-201,702,185,72,106,24,5255,-1567,6082,-155,1092,185
6.0455,5462,-1786,6493,-132,591,112,72,106,24,5286,-1610,6165,-167,994,185
6.0455,5418,-1754,6307,-54,473,25,74,109,24,5330,-1654,6247,-159,893,166
6.0613,5272,-1634,6067,-9,375,-74,74,109,24,5352,-1679,6262,-133,788,130
6.0773,4990,-1648,5991,-32,349,-168,74,112,24,5332,-1668,6213,-102,684,79
6.0773,4826,-1646,6083,-108,393,-239,74,112,24,5246,-1663,6157,-85,600,17
6.0933,4668,-1614,6245,-184,479,-269,74,116,23,5141,-1659,6138,-91,548,-47
6.0933,4700,-1498,6525,-197,553,-255,74,116,23,5022,-1648,6164,-115,530,-103
6.1093,4756,-1446,6539,-152,524,-230,74,117,25,4941,-1611,6254,-136,535,-141
6.1253,4748,-1430,6429,-92,409,-213,74,117,25,4894,-1570,6325,-140,532,-164
6.1253,4622,-1440,6255,-69,299,-197,76,118,25,4857,-1535,6351,-128,501,-177
6.1415,4624,-1524,6269,-82,247,-177,74,119,25,4798,-1512,6327,-114,450,-182
6.1573,4702,-1652,6269,-116,230,-162,74,119,25,4754,-1515,6312,-106,399,-181
6.1574,4660,-1688,6459,-149,240,-151,74,121,25,4741,-1550,6301,-109,356,-177
6.1733,4600,-1636,6419,-157,259,-154,74,121,25,4720,-1585,6340,-119,327,-171
6.1733,4552,-1552,6451,-154,255,-144,75,122,26,4690,-1598,6359,-129,310,-167
6.1893,4494,-1400,6427,-183,218,-113,75,122,26,4655,-1587,6382,-136,296,-162
6.2053,4452,-1208,6575,-251,156,-46,77,124,26,4614,-1541,6393,-148,276,-150
6.2053,4662,-1126,6881,-334,59,52,77,124,26,4573,-1458,6438,-174,246,-124
6.2213,4928,-1342,7257,-367,-88,138,77,125,26,4595,-1375,6548,-214,199,-80
6.2373,5170,-1628,7273,-315,-254,181,77,125,26,4678,-1367,6725,-253,127,-26
6.2373,5160,-1790,7141,-216,-425,155,79,128,26,4801,-1433,6862,-269,31,25
6.2533,5136,-1634,6607,-113,-577,90,79,128,26,4890,-1523,6931,-256,-83,57
6.2693,5012,-1580,6379,-86,-636,39,79,132,25,4951,-1551,6850,-221,-207,65
6.2693,4736,-1536,6161,-147,-659,9,79,132,25,4966,-1559,6732,-188,-315,58
6.2853,4594,-1560,6389,-255,-686,18,79,135,25,4908,-1554,6589,-178,-401,45
6.2853,4666,-1672,6521,-332,-731,65,79,135,25,4829,-1556,6539,-198,-473,38
6.3013,4780,-1764,6543,-340,-778,114,80,139,25,4788,-1585,6534,-232,-538,44
6.3173,4934,-1682,6587,-293,-803,131,80,139,25,4786,-1630,6536,-259,-598,61
6.3174,4988,-1616,6405,-230,-818,116,81,143,25,4823,-1643,6548,-268,-650,78
6.3332,4836,-1572,6195,-225,-809,75,81,143,25,4864,-1637,6512,-259,-692,87
6.3492,4752,-1544,6181,-295,-795,63,82,145,25,4857,-1621,6432,-251,-722,84
6.3493,4646,-1394,6333,-403,-802,106,82,145,25,4830,-1602,6369,-262,-741,78
6.3653,4644,-1462,6613,-486,-792,227,82,147,25,4784,-1550,6360,-298,-757,85
6.3818,5030,-1626,6853,-462,-826,382,82,147,25,4749,-1528,6423,-345,-766,120
6.3819,5294,-1740,6549,-357,-969,497,84,148,25,4819,-1553,6530,-375,-781,185
6.3973,5464,-1676,5999,-258,-1214,565,84,148,25,4937,-1600,6534,-371,-828,263
6.3973,5296,-1548,5435,-263,-1508,612,83,150,23,5068,-1619,6400,-343,-925,338
6.4133,4878,-1428,5011,-470,-1825,701,83,150,23,5125,-1602,6158,-323,-1071,406
6.4295,4750,-1200,4965,-814,-2091,855,83,155,23,5063,-1559,5871,-360,-1260,479
6.4295,4778,-1220,5185,-1201,-2328,1068,83,155,23,4984,-1470,5644,-474,-1468,573
6.4453,4940,-1368,5751,-1493,-2487,1281,86,163,21,4932,-1408,5529,-656,-1683,696
6.4613,4986,-1442,6265,-1598,-2630,1469,86,163,21,4934,-1398,5584,-866,-1884,842
6.4614,5180,-1446,6579,-1549,-2783,1639,92,171,19,4947,-1409,5754,-1049,-2071,998
6.4773,5528,-1656,6783,-1342,-2886,1810,92,171,19,5005,-1419,5960,-1174,-2249,1158
6.4774,5908,-1778,6785,-977,-2933,1917,98,179,16,5135,-1479,6165,-1216,-2409,1321
6.4933,6268,-1930,6373,-473,-2913,1905,98,179,16,5328,-1554,6320,-1157,-2540,1470
6.5093,6148,-2082,5741,-43,-2786,1800,99,185,12,5563,-1648,6333,-986,-2634,1578
6.5093,6204,-2260,5245,258,-2578,1655,99,185,12,5709,-1757,6185,-751,-2672,1633
6.5253,6352,-2840,5015,400,-2341,1500,92,190,9,5832,-1883,5950,-499,-2649,1638
6.5415,6642,-3170,4689,425,-2096,1295,92,190,9,5962,-2123,5716,-275,-2572,1603
6.5415,6638,-2850,4547,397,-1807,1035,85,191,5,6132,-2385,5459,-100,-2453,1526
6.5572,6542,-2496,4367,346,-1507,778,85,191,5,6258,-2502,5231,24,-2292,1403
6.5734,6310,-2378,4353,259,-1145,531,80,188,3,6329,-2501,5015,104,-2096,1246
6.5735,5906,-2562,4641,168,-823,340,80,188,3,6324,-2471,4849,142,-1859,1067
6.5892,5472,-2876,4807,75,-553,192,77,184,2,6219,-2494,4797,148,-1600,885
6.5893,5042,-2964,5063,-38,-342,101,77,184,2,6032,-2590,4799,129,-1339,711
6.6052,4750,-2910,5229,-150,-229,98,76,176,2,5784,-2684,4865,87,-1090,558
6.6214,4640,-2670,5305,-242,-208,201,76,176,2,5525,-2741,4956,27,-875,443
6.6215,4720,-2442,5505,-303,-227,387,77,170,2,5303,-2724,5043,-41,-709,382
6.6373,5228,-2438,5651,-298,-262,618,77,170,2,5157,-2654,5158,-107,-589,383
6.6532,5878,-2644,5827,-204,-278,808,79,167,1,5174,-2600,5281,-155,-508,441
6.6533,6324,-2798,5831,-79,-240,849,79,167,1,5350,-2611,5417,-168,-451,532
6.6694,6790,-2874,5839,74,-150,766,80,165,0,5593,-2658,5520,-146,-399,611
6.6852,7050,-2902,5703,251,-29,568,80,165,0,5892,-2712,5599,-91,-337,649
6.6853,6920,-2806,5537,429,131,265,78,163,0,6181,-2760,5625,-6,-260,628
6.7013,6564,-2600,5307,600,331,-52,78,163,0,6365,-2772,5603,102,-163,537
6.7014,5986,-2650,5083,746,559,-311,75,160,0,6414,-2729,5529,226,-40,389
6.7174,5534,-2710,4665,843,736,-475,75,160,0,6307,-2710,5417,356,109,214
6.7333,5016,-2720,4355,869,898,-544,70,155,0,6113,-2710,5229,477,265,41
6.7333,4774,-2604,4183,805,999,-508,70,155,0,5838,-2713,5010,575,423,-106
6.7498,4718,-2500,4265,665,1017,-397,66,150,0,5572,-2686,4803,632,567,-207
6.7654,4930,-2396,4391,503,918,-245,66,150,0,5358,-2640,4668,640,679,-255
6.7655,5124,-2398,4623,375,764,-98,63,145,0,5251,-2579,4598,605,738,-253
6.7813,5142,-2446,4923,308,552,36,63,145,0,5219,-2534,4604,547,744,-215
6.7813,5344,-2562,4981,307,347,160,64,143,0,5199,-2512,4683,487,696,-153
6.7972,5508,-2770,4901,346,139,248,64,143,0,5235,-2525,4757,442,608,-75
6.8132,5708,-2860,4693,382,-30,299,66,145,0,5303,-2587,4793,418,490,5
6.8133,5872,-2920,4463,394,-113,294,66,145,0,5404,-2656,4768,409,360,78
6.8292,5868,-2914,4381,377,-108,248,66,148,0,5521,-2722,4691,405,241,132
6.8452,5750,-2888,4215,322,-30,188,66,148,0,5607,-2770,4613,398,153,161
6.8453,5726,-2872,4245,244,87,140,65,151,0,5642,-2800,4513,379,107,167
6.8612,5612,-2844,4419,157,208,122,65,151,0,5663,-2818,4446,345,102,160
6.8772,5728,-2790,4509,82,290,123,66,152,0,5650,-2825,4439,298,128,150
6.8773,5786,-2846,4799,33,332,137,66,152,0,5669,-2817,4456,244,168,143
6.8932,5850,-2938,4959,23,348,148,68,151,0,5698,-2825,4541,191,209,141
6.8933,5858,-2940,4987,28,332,137,68,151,0,5736,-2854,4645,149,243,142
6.91,5898,-2896,4887,36,311,108,68,149,0,5766,-2876,4730,118,265,140
6.9252,5772,-2866,4833,7,308,79,68,149,0,5799,-2881,4769,97,276,132
6.9253,5738,-2814,4909,-41,349,67,68,148,0,5792,-2878,4785,74,284,118
6.9412,5734,-2846,4981,-87,377,66,68,148,0,5778,-2862,4816,45,300,105
6.9574,5796,-2856,5067,-126,383,68,69,148,0,5767,-2858,4857,12,319,95
6.9574,5776,-2860,5253,-148,386,76,69,148,0,5774,-2858,4909,-23,335,88
6.9732,5940,-2884,5353,-125,386,79,69,148,0,5774,-2859,4995,-55,347,85
6.9733,6140,-2916,5299,-82,365,41,70,147,0,5815,-2866,5084,-73,356,83
6.9892,5994,-2874,5181,-44,349,-34,70,147,0,5896,-2879,5137,-76,358,72
7.0052,5798,-2744,5153,-42,349,-116,71,146,0,5920,-2878,5148,-68,355,45
7.0053,5578,-2728,5197,-81,390,-166,71,146,0,5889,-2845,5149,-62,353,4
7.0212,5546,-2692,5473,-103,445,-186,70,146,0,5811,-2816,5161,-67,362,-39
7.0372,5682,-2672,5625,-67,483,-205,70,146,0,5744,-2785,5239,-76,382,-76
7.0373,5852,-2768,5641,45,478,-272,71,146,0,5728,-2757,5335,-74,407,-109
7.0534,5718,-2808,5407,162,470,-384,71,146,0,5759,-2760,5411,-45,424,-150
7.0692,5390,-2684,5155,244,468,-508,70,145,0,5748,-2772,5410,6,435,-209
7.0693,5230,-2682,4989,259,518,-594,70,145,0,5658,-2750,5346,65,443,-284
7.0852,5162,-2634,5001,217,603,-634,68,144,0,5551,-2733,5256,113,461,-362
7.0853,5294,-2578,4949,161,675,-653,68,144,0,5453,-2709,5192,139,496,-430
7.1013,5482,-2572,5051,124,757,-673,67,143,0,5413,-2677,5131,144,540,-486
7.1177,5502,-2622,5057,115,833,-730,67,143,0,5430,-2651,5111,139,594,-533
7.1179,5254,-2600,4913,79,883,-816,67,141,2,5448,-2644,5097,133,653,-583
7.1332,4956,-2496,4923,-14,935,-838,67,141,2,5399,-2633,5051,119,710,-642
7.1493,4798,-2466,4981,-159,989,-774,68,138,3,5288,-2599,5019,85,766,-691
7.1493,4844,-2452,5183,-327,1046,-651,68,138,3,5165,-2566,5009,24,821,-712
7.1653,5094,-2446,5423,-477,1101,-520,68,136,4,5084,-2538,5052,-64,877,-697
7.1812,5302,-2442,5703,-574,1154,-431,68,136,4,5086,-2515,5144,-168,933,-653
7.1812,5472,-2420,5811,-617,1252,-401,71,134,5,5140,-2497,5283,-270,988,-598
7.1972,5540,-2224,5027,-614,1500,-416,71,134,5,5223,-2478,5415,-357,1054,-549
7.1973,5396,-2322,5387,-659,1973,-453,75,131,7,5302,-2415,5318,-422,1165,-516
7.2136,5436,-2754,5841,-780,2194,-544,75,131,7,5325,-2392,5335,-482,1367,-501
7.2292,5386,-2900,6197,-826,2308,-698,77,125,7,5352,-2483,5461,-557,1573,-512
7.2293,5142,-2878,6557,-725,2370,-861,77,125,7,5360,-2588,5645,-625,1756,-559
7.2454,4664,-2902,7107,-504,2327,-970,80,118,9,5305,-2661,5873,-650,1909,-635
7.2613,4594,-2820,7157,-191,2235,-1005,80,118,9,5144,-2722,6181,-614,2013,-719
7.2613,5088,-2712,6953,161,2102,-997,81,113,10,5006,-2747,6425,-509,2068,-791
7.2774,4724,-2932,7849,480,2068,-966,81,113,10,5026,-2739,6557,-342,2076,-843
7.2775,5068,-2992,6697,861,1473,-1054,77,110,12,4950,-2788,6880,-137,2074,-874
7.2934,5146,-2442,6305,1067,1238,-1161,77,110,12,4979,-2839,6834,112,1923,-919
7.3092,5336,-2090,5953,1137,1299,-1341,71,111,14,5020,-2740,6701,350,1751,-980
7.3093,5772,-2012,5549,1150,1591,-1603,71,111,14,5099,-2578,6514,546,1638,-1071
7.3253,5898,-2232,5397,1145,2030,-1937,64,115,17,5267,-2437,6272,697,1626,-1204
7.3412,5668,-2568,5301,1129,2579,-2293,64,115,17,5424,-2386,6053,809,1727,-1388
7.3413,5690,-2894,5007,1090,3143,-2588,59,113,20,5485,-2432,5865,889,1940,-1615
7.3599,5142,-2420,4699,976,3651,-2836,59,113,20,5536,-2548,5650,939,2240,-1859
7.3732,4942,-1854,4539,751,3912,-3032,56,104,25,5437,-2516,5412,948,2592,-2104
7.3732,4268,-1504,4933,406,3791,-3043,56,104,25,5313,-2351,5193,898,2922,-2336
7.3892,3524,-1284,5555,-2,3284,-2912,55,92,31,5051,-2140,5128,775,3139,-2513
7.3892,2636,-1244,5823,-437,2460,-2688,55,92,31,4669,-1926,5234,580,3175,-2613
7.4052,1986,-1194,6273,-850,1634,-2342,59,86,36,4160,-1756,5381,325,2996,-2632
7.4212,1980,-1096,6627,-1195,1115,-1884,59,86,36,3616,-1616,5604,31,2655,-2560
7.4213,2084,-1244,7197,-1406,951,-1442,68,92,41,3207,-1486,5859,-276,2270,-2391
7.4372,2636,-1256,7251,-1501,1233,-1062,68,92,41,2926,-1426,6193,-559,1940,-2154
7.4532,3546,-1304,7325,-1564,1612,-863,78,101,44,2853,-1384,6457,-795,1763,-1881
7.4533,4160,-1734,7787,-1584,2203,-856,78,101,44,3026,-1364,6674,-988,1725,-1627
7.4692,4330,-2096,8567,-1496,2894,-1057,87,104,46,3309,-1457,6952,-1137,1844,-1435
7.4693,4240,-2230,9127,-1272,3548,-1390,87,104,46,3564,-1617,7355,-1227,2106,-1341
7.4852,3866,-2300,9459,-889,4152,-1733,93,97,48,3733,-1771,7798,-1239,2466,-1354
7.5012,3548,-2214,9589,-350,4540,-2044,93,97,48,3766,-1904,8213,-1152,2887,-1449
7.5012,3532,-2050,8695,250,4598,-2282,93,83,51,3711,-1982,8557,-952,3300,-1598
7.5172,2930,-1838,8177,861,4559,-2440,93,83,51,3666,-1999,8591,-652,3624,-1769
7.5332,2504,-1560,7497,1252,4426,-2496,87,70,55,3482,-1959,8487,-274,3857,-1937
7.5333,1712,-1190,6987,1396,4309,-2474,87,70,55,3237,-1860,8239,107,3999,-2077
7.5492,928,-1066,6793,1309,4122,-2324,76,62,61,2855,-1693,7926,429,4076,-2177
7.5652,394,-850,6835,1062,3915,-2031,76,62,61,2373,-1537,7642,649,4087,-2214
7.5652,520,-1052,7091,743,3726,-1650,67,57,65,1878,-1366,7440,752,4044,-2169
7.5812,504,-1264,7941,481,3545,-1292,67,57,65,1538,-1288,7352,749,3964,-2040
7.5812,936,-1116,8407,367,3258,-1023,67,56,68,1279,-1282,7499,682,3859,-1853
7.5976,1270,-876,9051,439,3066,-886,67,56,68,1193,-1241,7726,603,3708,-1646
7.6132,1682,-748,9023,712,2904,-895,70,58,71,1212,-1150,8057,562,3547,-1456
7.6132,1374,-654,8845,1113,2725,-994,70,58,71,1329,-1050,8298,599,3386,-1316
7.6293,1140,-452,8285,1488,2623,-1085,70,61,73,1340,-951,8434,727,3220,-1236
7.6457,870,-224,7759,1737,2572,-1129,70,61,73,1290,-827,8396,917,3070,-1199
7.6458,680,-98,7585,1851,2593,-1120,66,65,74,1185,-677,8236,1122,2945,-1182
7.6612,618,20,7075,1913,2632,-1078,66,65,74,1058,-533,8073,1304,2857,-1167
7.6773,432,258,7287,1961,2809,-1016,60,66,77,948,-395,7823,1456,2800,-1145
7.6774,44,438,7219,1962,2780,-935,60,66,77,819,-232,7689,1582,2802,-1113
7.6932,-316,598,7515,1898,2506,-819,56,66,79,625,-65,7571,1677,2796,-1069
7.6933,-712,906,8023,1797,2043,-655,56,66,79,389,100,7557,1732,2723,-1007
7.7092,-1082,1092,8487,1730,1522,-451,53,66,80,113,301,7673,1748,2553,-919
7.7253,-1464,888,9195,1777,1105,-175,53,66,80,-186,498,7876,1743,2295,-802
7.7254,-1360,502,9055,1974,769,176,53,71,82,-506,595,8205,1751,1997,-646
7.7412,-1020,198,8849,2260,624,548,53,71,82,-720,571,8417,1806,1690,-441
7.7572,-792,-14,8233,2573,599,890,52,80,81,-795,477,8525,1919,1423,-194
7.7572,-296,222,8149,2766,707,1133,52,80,81,-795,354,8452,2082,1217,77
7.7732,470,44,8011,2848,892,1291,49,86,80,-671,321,8376,2253,1089,341
7.7732,1310,60,8473,2842,1049,1350,46,89,79,-386,251,8284,2401,1039,578
7.7892,2086,242,8983,2807,1129,1248,46,89,79,38,203,8331,2511,1041,771
7.8051,3048,440,9727,2834,1259,995,41,90,76,550,212,8494,2585,1063,890
7.8052,3220,836,9783,3016,1328,592,41,90,76,1174,269,8802,2647,1112,916
7.8212,2656,1168,9391,3287,1306,94,39,89,74,1685,410,9047,2739,1166,835
7.8373,1022,1296,9283,3564,1272,-361,39,89,74,1927,599,9133,2876,1201,649
7.8373,-656,1296,8903,3806,1213,-557,34,89,74,1700,773,9170,3048,1218,396
7.8532,-1694,1282,8307,4050,1139,-468,34,89,74,1111,903,9103,3237,1216,157
7.8692,-1874,1368,7647,4263,1055,-151,27,88,75,409,997,8904,3440,1196,0
7.8692,-1402,1524,7043,4394,907,251,27,88,75,-162,1089,8589,3645,1160,-38
7.8852,-484,2090,7003,4394,669,591,19,88,76,-472,1197,8202,3832,1096,34
7.8853,458,2498,7575,4299,323,778,19,88,76,-475,1420,7902,3972,989,173
7.9012,1156,2360,8067,4224,-129,791,12,91,75,-242,1689,7820,4053,822,324
7.9172,1168,1846,8407,4242,-644,645,12,91,75,107,1856,7881,4095,584,440
7.9172,694,1818,8059,4334,-1134,488,9,97,73,372,1853,8012,4131,277,491
7.9332,-26,1882,7431,4437,-1597,418,9,97,73,452,1844,8023,4181,-76,490
7.9492,-408,2218,6669,4421,-1906,457,6,108,72,332,1853,7875,4245,-457,472
7.9492,-860,2568,6137,4258,-2038,582,6,108,72,147,1944,7573,4289,-820,468
7.9652,-352,3126,5747,4017,-2159,747,2,120,71,-105,2100,7214,4281,-1125,496
7.9652,10,3314,6057,3757,-2088,867,2,120,71,-167,2356,6847,4215,-1384,558
7.9812,344,3536,6549,3615,-1861,907,1,131,69,-123,2595,6649,4100,-1560,635
7.9972,1170,5142,7703,3710,-1846,846,1,131,69,-7,2830,6624,3978,-1636,703
7.9973,1944,3970,6773,3992,-2499,530,3,136,68,287,3408,6893,3911,-1689,738
8.014,1332,3592,5885,4096,-3051,152,3,136,68,701,3548,6863,3931,-1892,686
8.0292,160,4520,4787,3917,-3352,-117,3,141,67,858,3559,6618,3972,-2182,552
8.0292,280,5868,2233,3042,-3459,-169,3,141,67,683,3799,6160,3958,-2475,384
8.0452,-34,6092,4291,1784,-3214,14,2,152,66,582,4316,5178,3729,-2721,245
8.0614,744,5506,6755,814,-2827,416,2,152,66,428,4760,4956,3242,-2845,187
8.0614,714,5102,9901,404,-2506,832,11,159,67,507,4946,5405,2635,-2841,244
8.0772,1668,7114,10953,668,-2368,942,11,159,67,558,4985,6529,2077,-2758,391
8.0772,1882,6972,11747,1311,-2018,843,29,159,65,835,5517,7635,1724,-2661,528
8.0932,1330,6550,11023,2216,-1893,527,29,159,65,1096,5880,8663,1620,-2501,606
8.1094,1432,6550,9887,3203,-1936,217,37,156,64,1154,6047,9253,1769,-2349,586
8.1094,294,5838,8017,3992,-1891,1,37,156,64,1223,6172,9411,2127,-2246,493
8.1252,-304,5212,5317,4352,-1909,-111,30,152,63,990,6088,9062,2593,-2158,370
8.1412,-672,4746,3959,4206,-1799,87,30,152,63,666,5869,8125,3032,-2096,249
8.1413,-428,4304,2975,3755,-1713,561,16,149,64,331,5588,7083,3325,-2022,208
8.1572,94,4214,2645,3147,-1633,1241,16,149,64,141,5267,6056,3432,-1945,296
8.1733,924,4510,2903,2608,-1701,1842,10,147,62,129,5003,5203,3360,-1867,532
8.1733,1916,4264,2883,2201,-1879,2219,10,147,62,327,4879,4628,3172,-1826,859
8.1892,2452,3820,2595,1945,-2020,2327,13,145,59,724,4725,4191,2929,-1840,1199
8.1892,3224,4718,2475,1673,-2106,2220,13,145,59,1156,4498,3792,2683,-1885,1481
8.2052,3900,4732,2073,1348,-2074,1947,20,147,55,1673,4553,3462,2430,-1941,1665
8.2213,4348,4944,2103,910,-1929,1601,20,147,55,2229,4597,3114,2159,-1975,1735
8.2213,4980,6624,1799,309,-1689,1271,28,148,51,2758,4683,2861,1846,-1964,1701
8.2372,5016,6272,4063,-608,-1154,904,28,148,51,3313,5168,2595,1461,-1896,1593
8.2532,3948,5758,7083,-1112,-1040,608,38,148,48,3738,5444,2962,943,-1711,1420
8.2533,3678,5724,7671,-1107,-1647,383,38,148,48,3790,5522,3992,429,-1544,1217
8.2692,3184,5516,7157,-804,-2292,327,55,143,47,3762,5572,4911,45,-1570,1008
8.2692,3458,5534,5483,-377,-2758,455,55,143,47,3617,5558,5472,-168,-1751,837
8.2852,3014,5322,5893,-150,-2325,568,65,145,46,3577,5552,5474,-221,-2003,741
8.3012,3746,5396,4267,93,-2027,576,65,145,46,3436,5494,5578,-204,-2084,697
8.3013,4182,5850,3701,144,-1707,462,67,150,45,3513,5469,5250,-130,-2070,666
8.3172,3870,5596,4069,35,-1293,245,67,150,45,3680,5564,4862,-62,-1980,615
8.3332,3652,5776,4515,-58,-1092,89,65,148,44,3727,5572,4663,-38,-1809,522
8.3332,3458,5644,4685,-97,-1028,-2,65,148,44,3708,5623,4626,-43,-1630,413
8.3492,3288,5698,4953,-91,-933,-15,66,143,44,3645,5628,4640,-57,-1480,309
8.3653,3380,5726,4889,-60,-856,5,66,143,44,3555,5645,4718,-66,-1344,228
8.3653,3650,5736,5219,-27,-803,23,68,138,44,3511,5665,4760,-65,-1222,172
8.3815,4000,5462,5245,49,-814,-3,68,138,44,3545,5682,4874,-56,-1118,134
8.3816,4168,5332,4547,127,-807,-93,68,134,44,3658,5627,4966,-30,-1042,99
8.3971,4038,5410,4117,151,-712,-193,68,134,44,3785,5553,4861,9,-984,51
8.4132,4066,5288,3721,106,-520,-301,68,131,43,3848,5517,4675,44,-916,-10
8.4133,4018,5302,3859,-12,-263,-420,68,131,43,3902,5459,4436,59,-817,-83
8.4292,3884,5314,4135,-129,24,-520,69,127,44,3931,5419,4291,41,-679,-168
8.4452,3900,5396,4371,-215,266,-589,69,127,44,3919,5392,4252,-2,-504,-256
8.4452,4006,5376,4619,-273,423,-650,69,121,45,3914,5393,4281,-56,-312,-340
8.4612,3904,5454,4945,-304,551,-713,69,121,45,3937,5388,4365,-111,-129,-418
8.4772,3816,5490,5223,-301,609,-797,71,115,46,3928,5404,4510,-160,41,-492
8.4772,3784,5520,5415,-254,573,-879,71,115,46,3900,5425,4688,-196,183,-569
8.4932,3608,5484,5677,-183,497,-963,73,109,48,3871,5448,4869,-211,280,-647
8.4932,3388,5532,5325,-97,413,-1030,73,109,48,3805,5457,5071,-204,334,-726
8.5092,2898,5508,5101,-30,401,-1055,74,104,49,3700,5475,5134,-178,353,-802
8.5252,2604,5728,4945,8,423,-1028,74,104,49,3499,5483,5125,-141,365,-866
8.5253,2224,5886,4989,7,457,-950,74,102,52,3275,5544,5080,-104,379,-907
8.5415,2210,6026,5053,-1,425,-827,74,102,52,3012,5629,5057,-77,398,-918
8.5571,2238,5950,5255,-6,345,-675,73,100,53,2811,5728,5056,-58,404,-896
8.5572,2372,5936,5165,14,290,-538,73,100,53,2667,5783,5105,-45,389,-841
8.5732,2252,5838,5459,55,308,-419,73,98,55,2593,5821,5120,-31,364,-766
8.5733,2462,5996,5137,124,296,-307,73,98,55,2507,5825,5204,-10,350,-680
8.5892,2544,5932,4957,172,279,-206,74,97,56,2495,5867,5187,23,336,-587
8.6051,2564,5902,4661,183,223,-123,74,97,56,2507,5883,5129,60,321,-492
8.6052,2660,5902,4577,141,149,-71,74,97,56,2521,5887,5012,90,296,-400
8.6212,2714,5912,4615,68,84,-41,74,96,57,2555,5890,4903,102,259,-318
8.6373,2712,5830,4767,-5,90,-13,74,96,57,2594,5895,4831,93,215,-249
8.6374,2682,5870,4847,-33,154,17,74,96,56,2623,5878,4815,68,183,-190
8.6531,2794,5898,5053,-36,205,52,74,96,56,2637,5876,4823,42,175,-139
8.6691,2898,5874,5021,-30,181,82,76,95,57,2676,5881,4880,22,182,-92
8.6692,2888,5906,4891,-28,127,107,76,95,57,2731,5879,4915,9,181,-49
8.6852,2874,5898,4613,-35,72,143,77,94,57,2770,5885,4909,-1,167,-10
8.6853,2954,5882,4507,-70,28,172,77,94,57,2796,5888,4835,-10,143,28
8.7011,3032,5820,4579,-127,-24,179,78,93,56,2835,5886,4753,-25,114,64
8.7171,3080,5796,4691,-206,-102,173,78,93,56,2884,5869,4709,-51,79,92
8.7172,3072,5718,4887,-281,-179,171,79,93,56,2933,5850,4704,-90,33,112
8.7331,3182,5686,4919,-341,-284,165,79,93,56,2967,5817,4749,-138,-20,126
8.7495,3240,5688,4875,-394,-417,146,80,94,56,3020,5784,4791,-189,-86,135
8.7496,3318,5600,4849,-442,-538,112,80,94,56,3075,5760,4812,-241,-169,137
8.7651,3396,5534,4821,-501,-669,66,82,96,55,3135,5720,4821,-292,-262,130
8.7652,3540,5434,4813,-587,-794,-1,82,96,55,3200,5673,4821,-345,-364,114
8.7811,3582,5370,4859,-692,-912,-95,84,98,55,3285,5613,4819,-406,-472,85
8.7971,3360,5538,5221,-801,-1036,-206,84,98,55,3359,5552,4829,-478,-582,40
8.7972,3180,5640,5339,-849,-1221,-271,87,102,55,3359,5548,4927,-559,-696,-22
8.8131,3272,5656,5509,-844,-1366,-301,87,102,55,3314,5571,5030,-632,-828,-85
8.8291,3264,5646,5621,-792,-1431,-298,89,105,56,3303,5592,5149,-685,-963,-139
8.8292,3184,5710,5923,-690,-1448,-272,89,105,56,3293,5605,5267,-712,-1080,-179
8.8451,3154,5674,6095,-546,-1482,-226,92,110,56,3265,5631,5431,-707,-1172,-203
8.8611,3262,5736,5855,-378,-1517,-150,92,110,56,3237,5641,5597,-667,-1250,-209
8.8612,3236,5682,5687,-224,-1385,-48,92,113,57,3243,5664,5661,-595,-1317,-195
8.8771,3224,5646,5769,-106,-1180,43,92,113,57,3241,5668,5667,-503,-1334,-159
8.8771,3324,5654,5747,20,-1025,127,89,115,57,3236,5662,5692,-404,-1296,-109
8.8933,3326,5536,5673,152,-955,198,89,115,57,3258,5660,5705,-298,-1229,-50
8.9093,3316,5462,5537,289,-1004,255,87,115,57,3275,5629,5697,-186,-1161,12
8.9093,3382,5508,5165,405,-1173,310,87,115,57,3285,5587,5657,-68,-1122,72
8.9251,3454,5636,5039,460,-1307,369,84,113,56,3309,5567,5534,50,-1135,131
8.9413,3340,5592,4985,455,-1429,440,84,113,56,3345,5584,5410,152,-1178,190
8.9413,3396,5446,4923,457,-1576,524,80,115,56,3343,5586,5303,227,-1241,252
8.9571,3676,5454,4725,479,-1705,586,80,115,56,3356,5551,5208,284,-1325,320
8.9735,3922,5638,4553,495,-1813,612,78,116,55,3436,5526,5087,332,-1420,386
8.9735,3980,5684,4749,514,-1932,598,78,116,55,3557,5554,4953,372,-1519,442
8.9893,3870,5570,4865,568,-2150,569,76,120,54,3662,5586,4902,407,-1623,481
8.9893,3556,5494,4729,664,-2507,561,76,120,54,3714,5582,4892,447,-1755,503
9.0051,3132,5492,4189,773,-2923,636,75,125,53,3674,5560,4851,501,-1943,517
9.0211,3184,5634,3669,818,-3219,823,75,125,53,3538,5543,4685,569,-2188,546
9.0211,3420,5624,3597,793,-3347,1077,72,133,51,3449,5565,4431,631,-2446,615
9.0371,3960,5448,3559,777,-3397,1279,72,133,51,3441,5579,4222,671,-2672,730
9.0531,4354,5332,3435,787,-3431,1398,69,141,50,3570,5546,4056,697,-2854,867
9.0531,4672,5434,3231,785,-3381,1456,69,141,50,3766,5492,3900,719,-2999,999
9.0691,4854,5410,3365,739,-3187,1492,68,148,47,3992,5477,3732,735,-3095,1113
9.0691,4692,5394,3615,703,-3090,1527,68,148,47,4207,5460,3640,736,-3118,1207
9.0852,4686,5390,3403,703,-3202,1606,67,152,44,4328,5443,3633,727,-3111,1287
9.1011,4940,5240,3033,656,-3265,1713,67,152,44,4417,5429,3575,721,-3134,1366
9.1012,5370,5182,3041,531,-3144,1805,66,154,41,4547,5381,3439,704,-3167,1452
9.1174,6050,5096,2897,380,-3063,1805,66,154,41,4752,5331,3339,660,-3162,1540
9.1331,6560,4850,2921,285,-3026,1729,65,156,37,5076,5272,3228,590,-3138,1606
9.1331,6764,4528,3039,243,-2980,1641,65,156,37,5447,5166,3151,513,-3110,1636
9.1491,6210,5038,3341,273,-3051,1545,66,157,34,5776,5006,3123,445,-3078,1637
9.1651,6290,5484,2143,344,-3308,1255,66,157,34,5884,5014,3177,402,-3072,1614
9.1652,6468,4878,2089,299,-3159,1086,67,158,31,5985,5131,2918,387,-3131,1524
9.1811,6192,4720,2307,182,-2704,984,67,158,31,6105,5067,2710,365,-3138,1414
9.1811,6012,5216,2397,119,-2413,885,66,162,29,6126,4980,2609,319,-3030,1306
9.1971,6864,5266,1691,70,-2296,694,66,162,29,6097,5039,2556,269,-2876,1200
9.2131,7048,5036,2005,5,-2070,471,66,158,27,6288,5095,2339,219,-2731,1073
9.2132,6708,4948,2387,-42,-1826,227,66,158,27,6478,5080,2255,165,-2566,922
9.2291,6430,4976,2293,-38,-1654,22,67,155,26,6535,5047,2288,113,-2381,748
9.2451,6010,4960,2279,-10,-1564,-83,67,155,26,6508,5029,2289,75,-2200,566
9.2451,5484,5070,2219,60,-1601,-55,67,150,25,6383,5011,2286,53,-2041,403
9.2611,5470,5098,1759,130,-1741,83,67,150,25,6158,5025,2269,54,-1931,288
9.2612,5506,5124,1581,141,-1779,240,67,146,25,5986,5043,2141,73,-1884,236
9.2774,5900,5084,1361,99,-1702,358,67,146,25,5866,5063,2001,90,-1858,237
9.2931,6116,5096,1523,40,-1538,367,66,146,26,5874,5068,1841,92,-1819,267
9.2931,6310,4948,1681,30,-1433,297,66,146,26,5934,5075,1761,79,-1749,292
9.3091,6274,4932,1741,88,-1434,190,65,144,24,6028,5043,1741,66,-1670,293
9.3252,6354,5176,1663,215,-1530,20,65,144,24,6089,5015,1741,71,-1611,267
9.3253,6278,5278,1601,401,-1816,-245,65,142,24,6155,5055,1721,107,-1591,205
9.3411,6450,5088,591,513,-2218,-585,65,142,24,6185,5110,1691,180,-1648,92
9.3571,6058,4858,167,407,-2206,-796,63,141,24,6251,5104,1416,263,-1791,-78
9.3572,5662,4774,291,158,-1967,-865,63,141,24,6202,5042,1103,299,-1895,-258
9.3732,5814,4946,611,-154,-1738,-792,60,145,26,6067,4975,900,263,-1913,-410
9.3733,5834,5156,1363,-349,-1612,-670,60,145,26,6003,4967,827,158,-1870,-506
9.3893,6046,5138,1503,-384,-2047,-623,62,146,27,5960,5014,961,31,-1806,-547
9.4051,6524,5308,739,-440,-2611,-616,62,146,27,5981,5045,1096,-73,-1867,-566
9.4051,6598,5418,1099,-595,-2668,-556,64,146,29,6116,5110,1006,-165,-2053,-579
9.4212,6016,5404,1937,-656,-2598,-427,65,149,29,6236,5187,1029,-273,-2207,-574
9.4371,5834,5476,1851,-607,-2965,-308,65,149,29,6181,5241,1256,-369,-2305,-538
9.4371,6176,5476,1161,-575,-3489,-215,68,153,31,6094,5299,1404,-429,-2470,-481
9.4531,6180,5416,1127,-561,-3928,-151,68,153,31,6114,5343,1343,-466,-2725,-415
9.4691,6552,5436,-131,-598,-4375,-105,70,159,31,6130,5361,1289,-490,-3026,-349
9.4691,6592,5124,113,-754,-4280,-10,70,159,31,6235,5379,934,-517,-3364,-288
9.4851,6404,5166,663,-797,-4115,48,71,170,31,6324,5315,728,-577,-3593,-219
9.4851,6480,5234,47,-780,-4176,73,71,170,31,6344,5277,711,-632,-3724,-153
9.5016,6582,5282,-25,-822,-3984,110,72,178,31,6378,5266,545,-669,-3837,-97
9.5172,6382,5410,335,-829,-3695,139,72,178,31,6429,5270,402,-708,-3874,-46
9.5173,6164,5254,271,-802,-3713,140,75,181,31,6417,5305,385,-739,-3830,0
9.5331,5674,5150,395,-812,-3844,153,75,181,31,6353,5292,356,-755,-3801,35
9.5491,5726,5106,551,-831,-4061,217,75,182,30,6183,5256,365,-770,-3812,64
9.5491,5662,5310,277,-773,-4320,324,75,182,30,6068,5218,411,-786,-3875,102
9.5652,6598,5380,-269,-651,-4346,529,76,184,30,5966,5241,377,-783,-3987,157
9.5653,7484,5078,-595,-484,-3425,957,76,184,30,6124,5275,215,-750,-4077,250
9.5811,7798,4468,349,-193,-2232,1265,75,189,30,6464,5225,12,-684,-3914,426
9.5971,8030,4228,735,173,-1661,1244,75,189,30,6797,5035,96,-562,-3494,635
9.5971,7752,4368,991,474,-1691,979,73,181,27,7105,4833,255,-379,-3036,787
9.6131,7608,4500,637,726,-1943,680,73,181,27,7266,4716,439,-166,-2700,835
9.6291,7496,4768,695,973,-2323,434,66,170,25,7351,4662,488,57,-2511,796
9.6291,7396,4326,293,1232,-2750,253,66,170,25,7387,4688,539,286,-2464,705
9.6454,7584,4160,23,1498,-3185,104,58,166,24,7389,4597,477,522,-2536,592
9.6612,6416,4522,1065,1635,-4144,-104,58,166,24,7437,4487,363,766,-2699,470
9.6613,6774,3966,-1469,1436,-6267,-288,49,171,24,7181,4495,538,983,-3061,326
9.6771,7130,4486,-3437,1170,-8057,-434,49,171,24,7079,4362,36,1096,-3863,172
9.6772,7236,5122,-5131,833,-9080,-539,41,189,24,7091,4393,-833,1114,-4912,20
9.6931,7640,5696,-5591,580,-8616,-691,41,189,24,7127,4575,-1908,1043,-5954,-120
9.709,7432,5816,-4749,350,-7338,-896,41,224,25,7255,4855,-2829,927,-6620,-263
9.7091,6844,5302,-4105,134,-6124,-1160,41,224,25,7299,5095,-3309,782,-6800,-422
9.7251,6624,5042,-3101,17,-5231,-1439,43,241,26,7185,5146,-3508,620,-6631,-607
9.7411,6756,5062,-3075,119,-4801,-1656,43,241,26,7044,5120,-3407,469,-6281,-815
9.7411,6272,5102,-2869,369,-4289,-1836,47,237,29,6972,5105,-3324,381,-5911,-1026
9.7571,5862,4940,-2571,720,-3750,-1963,47,237,29,6797,5104,-3211,378,-5506,-1229
9.7571,5102,4954,-2485,1127,-3255,-2048,48,227,32,6563,5063,-3051,463,-5067,-1413
9.7731,4960,4976,-2889,1513,-3032,-2048,48,227,32,6197,5035,-2910,629,-4614,-1572
9.7891,4276,5128,-2745,1844,-2946,-1973,44,215,37,5887,5020,-2905,850,-4219,-1691
9.7891,3948,5064,-3009,2117,-3112,-1841,44,215,37,5484,5047,-2865,1098,-3901,-1762
9.8051,4022,5022,-4177,2355,-3328,-1652,35,204,40,5100,5051,-2901,1352,-3704,-1782
9.8211,3964,5116,-4675,2452,-3335,-1485,35,204,40,4830,5043,-3220,1602,-3610,-1750
9.8211,3660,5210,-5003,2438,-3353,-1328,27,200,43,4613,5061,-3584,1814,-3542,-1684
9.837,3738,5236,-5589,2309,-3339,-1176,27,200,43,4374,5098,-3939,1970,-3495,-1595
9.8536,3770,5222,-6021,2085,-3253,-1042,21,198,47,4215,5132,-4352,2054,-3456,-1491
9.8536,3762,5364,-6455,1800,-3113,-911,21,198,47,4103,5154,-4770,2061,-3406,-1379
9.869,3776,5258,-6785,1444,-2936,-788,17,197,49,4017,5206,-5192,1995,-3333,-1262
9.8691,3816,5100,-6567,1074,-2657,-687,17,197,49,3956,5219,-5591,1857,-3234,-1144
9.8851,3858,5172,-6625,726,-2270,-588,20,194,50,3921,5189,-5835,1661,-3090,-1030
9.9011,3754,5092,-6467,440,-1923,-519,20,194,50,3905,5184,-6033,1427,-2885,-920
9.9011,3858,5062,-6233,171,-1625,-465,26,189,51,3867,5161,-6142,1180,-2645,-820
9.917,3708,5022,-5887,-14,-1395,-427,26,189,51,3864,5136,-6165,927,-2390,-732
9.933,3692,4986,-5725,-106,-1318,-412,35,180,52,3825,5107,-6096,691,-2142,-656
9.9331,3544,5032,-5491,-152,-1274,-392,35,180,52,3791,5076,-6004,491,-1936,-595
9.9491,3582,5116,-5705,-176,-1260,-355,42,172,53,3729,5065,-5876,330,-1771,-545
9.9652,3628,4940,-5569,-162,-1191,-333,42,172,53,3692,5077,-5834,203,-1644,-498
9.9653,3532,4742,-5273,-85,-1171,-329,47,165,54,3676,5042,-5768,111,-1531,-457
9.981,3494,4832,-5307,31,-1232,-326,47,165,54,3640,4967,-5645,62,-1441,-425
9.9811,3420,4936,-5355,158,-1278,-318,52,161,54,3603,4933,-5561,54,-1389,-401
9.997,3442,4832,-5851,269,-1221,-307,52,161,54,3557,4933,-5510,80,-1362,-381
10.0133,3398,4924,-5963,332,-1028,-306,52,158,55,3528,4907,-5596,127,-1327,-363
10.0133,3358,4980,-6249,341,-843,-303,52,158,55,3495,4911,-5688,178,-1253,-349
10.029,3256,4984,-6319,290,-665,-282,52,154,56,3460,4928,-5829,218,-1151,-338
10.0452,3240,4992,-6357,184,-497,-246,52,154,56,3409,4942,-5952,236,-1030,-324
10.0453,3098,4968,-6433,63,-325,-200,52,150,57,3366,4954,-6054,223,-897,-305
10.0611,3028,4980,-6299,-48,-125,-148,52,150,57,3299,4957,-6149,183,-754,-279
10.0611,2960,4998,-6009,-116,15,-79,53,143,57,3231,4962,-6187,125,-597,-247
10.0776,2912,5092,-5825,-144,85,9,53,143,57,3163,4971,-6143,64,-444,-205
10.0932,3028,5152,-5671,-144,84,114,55,136,57,3100,5001,-6064,12,-312,-152
10.0933,3242,5206,-5681,-108,31,220,55,136,57,3082,5038,-5966,-27,-213,-86
10.1091,3476,5232,-5753,-45,-42,303,59,131,57,3122,5080,-5895,-48,-152,-10
10.125,3664,5192,-5855,30,-117,345,59,131,57,3210,5118,-5860,-48,-125,68
10.1251,3810,5140,-6003,82,-164,343,60,127,56,3323,5136,-5859,-29,-123,137
10.1412,3834,5072,-6121,100,-150,304,60,127,56,3444,5137,-5895,-2,-134,188
10.1571,3790,5026,-6165,78,-77,234,61,126,56,3541,5120,-5952,23,-138,217
10.1571,3598,4898,-6159,4,30,145,61,126,56,3603,5096,-6006,36,-123,221
10.1731,3450,4858,-6163,-98,218,65,61,123,56,3601,5046,-6045,28,-85,202
10.1731,3178,4870,-6041,-196,495,16,61,123,56,3563,4999,-6075,-4,-10,167
10.189,2916,4926,-5867,-271,782,21,63,120,55,3466,4966,-6067,-52,116,129
10.205,2734,5082,-5651,-308,945,117,63,120,55,3328,4956,-6017,-107,282,102
10.2051,2764,5254,-5655,-289,930,280,64,113,55,3179,4987,-5926,-158,447,105
10.2211,2948,5398,-5799,-230,909,499,64,113,55,3075,5053,-5859,-191,567,148
10.237,3186,5440,-5855,-151,934,743,66,107,55,3043,5139,-5844,-201,652,235
10.2371,3576,5244,-5857,-81,972,948,68,104,55,3078,5214,-5847,-189,722,362
10.2531,3988,5040,-5701,-52,978,1066,68,104,55,3202,5221,-5850,-162,784,508
10.2691,4338,4858,-5601,-61,882,1076,68,99,53,3398,5175,-5813,-135,832,647
10.2691,4566,4732,-5673,-91,742,981,68,99,53,3633,5095,-5760,-117,844,754
10.285,4642,4730,-5651,-133,672,786,68,96,51,3866,5004,-5739,-111,818,810
10.2851,4630,4806,-5489,-152,635,594,68,96,51,4060,4935,-5717,-117,781,804
10.301,4646,4924,-5395,-137,541,428,68,95,48,4202,4902,-5660,-126,744,751
10.317,4616,5048,-5467,-91,426,290,68,95,48,4313,4907,-5594,-129,693,670
10.3171,4586,5136,-5539,-21,348,187,70,95,48,4388,4942,-5563,-120,626,575
10.333,4574,5112,-5649,36,291,111,70,95,48,4437,4990,-5557,-96,556,478
10.349,4474,5080,-5651,66,223,54,68,95,48,4471,5020,-5580,-63,489,386
10.3491,4396,4998,-5567,69,103,7,68,95,48,4471,5035,-5598,-31,422,303
10.3651,4298,4950,-5637,49,-49,-46,67,96,47,4452,5025,-5591,-6,342,229
10.3652,4214,4934,-5779,13,-96,-87,67,96,47,4413,5006,-5603,7,244,160
10.3815,4084,4946,-5711,-21,-35,-115,66,98,47,4363,4988,-5647,8,159,98
10.397,3928,4946,-5557,-51,50,-122,66,98,47,4293,4977,-5663,0,110,44
10.3971,3822,4982,-5549,-66,94,-101,66,99,47,4201,4969,-5637,-13,95,2
10.4131,3778,5022,-5411,-54,88,-45,66,99,47,4106,4972,-5615,-27,94,-24
10.4292,3832,5044,-5479,-22,44,29,67,97,48,4024,4984,-5564,-34,92,-30
10.4293,3948,5018,-5607,18,6,98,67,97,48,3976,4999,-5543,-31,80,-16
10.445,4100,5026,-5713,46,-2,157,67,96,48,3969,5003,-5559,-19,61,12
10.4611,4196,5046,-5775,41,12,182,67,96,48,4001,5008,-5598,-3,45,48
10.4612,4262,5016,-5847,12,42,176,67,97,47,4049,5017,-5643,8,36,81
10.4771,4260,4974,-5803,-38,104,148,67,97,47,4102,5016,-5694,9,37,104
10.4772,4250,4954,-5647,-87,149,115,67,96,47,4141,5005,-5722,-3,53,115
10.493,4194,4856,-5499,-109,120,80,67,96,47,4168,4992,-5704,-24,77,115
10.509,4128,4884,-5353,-104,70,48,68,94,47,4174,4958,-5653,-46,87,106
10.5091,4100,4990,-5473,-68,25,34,68,94,47,4162,4939,-5578,-61,82,91
10.5252,4062,4966,-5571,-27,35,35,68,94,46,4146,4951,-5552,-63,67,76
10.5414,4050,5000,-5737,-14,119,48,68,94,46,4125,4954,-5557,-54,59,65
10.5414,3936,4990,-5771,-29,242,70,68,94,46,4106,4965,-5602,-44,74,60
10.557,3964,5088,-5857,-70,374,98,68,94,46,4063,4971,-5645,-41,116,62
10.5571,3986,5214,-5971,-146,515,136,68,93,46,4038,5000,-5698,-49,180,71
10.5732,4174,5336,-6227,-238,700,176,68,93,46,4025,5053,-5767,-74,263,87
10.5891,4250,5374,-6401,-362,1041,198,69,89,46,4062,5123,-5882,-115,372,109
10.5891,4294,5338,-6563,-528,1580,208,69,89,46,4109,5185,-6012,-177,539,131
10.6056,4204,5246,-6343,-698,2144,215,70,85,46,4155,5223,-6150,-265,799,150
10.6212,4188,5188,-5923,-878,2544,226,70,85,46,4167,5228,-6199,-374,1135,166
10.6213,3962,5168,-5525,-1040,2779,249,74,75,46,4172,5218,-6130,-500,1487,181
10.637,4178,5198,-5697,-1168,2916,310,74,75,46,4119,5205,-5979,-635,1810,198
10.653,3972,5408,-5111,-1284,3078,401,77,62,45,4133,5203,-5909,-769,2086,226
10.6531,4036,5202,-5209,-1379,3210,505,77,62,45,4092,5254,-5710,-898,2334,269
10.6692,4058,5118,-5071,-1430,3317,634,83,52,44,4078,5241,-5585,-1019,2553,328
10.6692,4180,5114,-4747,-1473,3372,798,83,52,44,4073,5210,-5457,-1122,2744,404
10.685,3982,5146,-3847,-1493,3372,966,87,43,43,4099,5186,-5280,-1210,2901,502
10.701,3840,4824,-3485,-1459,3107,1161,87,43,43,4069,5176,-4922,-1281,3018,618
10.701,3384,3066,-3359,-1378,2746,1320,91,36,41,4011,5088,-4563,-1326,3040,753
10.717,3706,4944,-3271,-1284,2644,1460,91,36,41,3854,4582,-4262,-1339,2966,894
10.733,4632,6336,-3515,-1200,2612,1865,92,33,39,3817,4672,-4015,-1326,2885,1035
10.7331,5166,5504,-3329,-1081,2565,2314,92,33,39,4020,5088,-3890,-1295,2816,1242
10.7501,5646,4482,-2789,-951,2355,2478,93,33,36,4306,5192,-3750,-1242,2753,1510
10.7652,5706,3694,-3019,-881,1976,2452,93,33,36,4641,5014,-3510,-1170,2653,1752
10.7652,6238,4488,-3369,-882,1796,2322,92,34,31,4907,4684,-3388,-1098,2483,1927
10.781,6798,5134,-3737,-901,1703,2201,92,34,31,5239,4635,-3384,-1044,2311,2025
10.7811,7418,4852,-4021,-928,1680,2042,90,37,27,5628,4759,-3473,-1009,2159,2069
10.797,6988,3664,-3779,-989,1700,1768,90,37,27,6075,4782,-3610,-989,2039,2062
10.813,6782,4160,-3809,-1116,1879,1489,89,41,22,6303,4502,-3653,-989,1954,1988
10.813,7034,5818,-4293,-1252,2216,1434,89,41,22,6422,4416,-3692,-1021,1935,1863
10.829,6964,5992,-3619,-1341,2628,1532,89,41,19,6575,4766,-3843,-1079,2005,1755
10.8451,7100,4710,-3045,-1381,2522,1475,89,41,19,6672,5072,-3787,-1145,2160,1699
10.8451,6602,3272,-2443,-1432,2214,1307,91,37,16,6779,4981,-3602,-1204,2250,1643
10.861,6386,3770,-2243,-1492,2015,1130,91,37,16,6734,4553,-3313,-1261,2241,1559
10.861,6564,5510,-2455,-1474,1987,1131,92,34,13,6647,4357,-3046,-1319,2184,1451
10.877,6774,5084,-2315,-1375,1967,1269,92,34,13,6626,4645,-2899,-1358,2134,1371
10.893,7102,4450,-2253,-1266,1853,1219,94,35,11,6663,4754,-2753,-1363,2092,1345
10.8931,6312,3904,-1559,-1241,1775,1085,94,35,11,6772,4678,-2628,-1339,2032,1313
10.9093,6386,4404,-1995,-1265,1640,1045,93,37,9,6657,4484,-2361,-1315,1967,1256
10.925,6770,5264,-2479,-1250,1744,1209,93,37,9,6589,4464,-2270,-1303,1885,1203
10.925,7090,4622,-1957,-1211,1985,1393,92,37,7,6634,4664,-2323,-1290,1849,1204
10.941,7194,4090,-1565,-1184,2031,1347,92,37,7,6748,4653,-2232,-1271,1883,1251
10.957,6558,3468,-697,-1223,1713,1181,91,37,5,6859,4512,-2066,-1250,1920,1275
10.9571,7024,4482,-1687,-1211,1208,1069,91,37,5,6783,4251,-1724,-1244,1868,1251
10.973,7234,4948,-1301,-1145,1091,1207,91,36,2,6843,4308,-1715,-1236,1703,1205
10.973,7750,4042,-1193,-999,907,1195,91,36,2,6940,4468,-1612,-1214,1550,1205
10.989,8032,3638,-1909,-874,652,934,90,41,0,7142,4361,-1508,-1161,1389,1202
11.005,7550,4464,-1319,-880,780,663,90,41,0,7364,4180,-1609,-1090,1204,1135
11.0051,7466,4254,-1155,-870,861,523,87,47,0,7410,4251,-1537,-1038,1098,1017
11.021,7360,4054,-1075,-791,862,411,87,47,0,7424,4251,-1442,-996,1038,893
11.037,7486,4074,-1405,-704,902,322,84,50,0,7408,4201,-1351,-945,994,772
11.037,7446,4210,-1875,-662,1165,255,84,50,0,7427,4169,-1365,-885,971,659
11.053,7046,4408,-1271,-718,1485,231,82,51,0,7431,4179,-1493,-830,1019,558
11.053,7050,4126,-1257,-781,1529,238,80,52,0,7334,4236,-1438,-802,1135,476
11.0693,6506,3180,-943,-834,1475,258,80,52,0,7263,4208,-1393,-797,1233,416
11.085,6116,3502,-679,-894,1433,284,79,48,0,7073,3951,-1281,-807,1293,376
11.085,6262,5116,-1059,-942,1337,474,79,48,0,6833,3838,-1131,-829,1328,353
11.101,6840,5074,-1205,-911,1414,818,79,47,0,6690,4157,-1113,-858,1330,383
11.1173,7400,3926,-767,-862,1454,914,79,47,0,6727,4386,-1136,-872,1351,491
11.1174,7500,3694,-1193,-896,1309,772,79,46,0,6895,4271,-1044,-870,1376,596
11.133,7366,4142,-1323,-992,1431,621,79,46,0,7046,4126,-1082,-877,1359,640
11.1491,7172,4120,-1051,-1096,1719,576,79,46,0,7126,4130,-1143,-906,1377,635
11.1492,7322,4024,-1665,-1212,2084,592,79,46,0,7137,4127,-1120,-954,1462,620
11.165,7030,4348,-489,-1374,2513,667,79,45,0,7183,4101,-1257,-1019,1617,613
11.1651,7040,3966,-333,-1522,2547,748,79,45,0,7144,4162,-1065,-1108,1841,626
11.1816,6866,3850,-205,-1633,2455,828,82,39,0,7118,4113,-882,-1212,2017,656
11.197,6830,3748,-355,-1720,2397,948,82,39,0,7055,4047,-713,-1318,2126,699
11.197,6462,3742,-59,-1808,2520,1080,85,34,0,6998,3972,-624,-1419,2193,761
11.213,6200,3738,635,-1905,2502,1287,85,34,0,6864,3914,-483,-1517,2274,840
11.229,6226,3566,1037,-1929,2177,1519,88,31,0,6698,3870,-204,-1614,2331,951
11.229,6838,3370,-41,-1863,1783,1659,88,31,0,6580,3794,106,-1693,2292,1093
11.245,6628,3638,1149,-1812,1872,1709,91,31,0,6644,3688,69,-1736,2164,1234
11.261,6924,3368,903,-1774,1736,1762,91,31,0,6640,3675,339,-1755,2091,1352
11.261,7148,3174,607,-1737,1701,1790,93,33,0,6711,3598,480,-1760,2002,1454
11.277,7134,3490,575,-1755,2077,1776,93,33,0,6820,3492,511,-1755,1926,1538
11.277,6856,3548,1707,-1833,2479,1864,93,34,0,6898,3491,527,-1755,1963,1597
11.2931,7290,2992,1487,-1886,2394,2008,93,34,0,6887,3505,822,-1775,2092,1663
11.3093,7216,3236,1409,-1916,2436,2060,94,32,0,6987,3376,988,-1803,2167,1749
11.3094,7312,2856,2157,-1988,2530,2194,94,32,0,7044,3341,1093,-1832,2234,1826
11.325,7678,2404,1513,-1983,2438,2262,94,30,0,7111,3219,1359,-1871,2308,1918
11.341,7550,2728,2149,-1942,2754,2245,94,30,0,7252,3015,1397,-1899,2340,2004
11.341,7486,2368,2687,-1898,2922,2221,96,28,0,7326,2943,1585,-1910,2443,2064
11.3571,7532,2436,2417,-1780,2840,2131,96,28,0,7366,2799,1860,-1907,2562,2103
11.3571,7464,2380,2349,-1634,3012,2035,96,24,0,7407,2708,1999,-1876,2631,2110
11.373,7242,2272,3077,-1525,3333,1979,96,24,0,7421,2626,2086,-1816,2726,2091
11.3889,7744,2014,2225,-1426,3356,1990,95,22,0,7376,2537,2333,-1744,2877,2063
11.389,7678,2150,2515,-1384,3696,2029,95,22,0,7468,2406,2306,-1665,2996,2044
11.405,7774,1858,3277,-1404,3819,2095,93,17,0,7520,2342,2358,-1595,3171,2040
11.421,8002,1694,3225,-1415,3492,2096,93,17,0,7583,2221,2587,-1548,3333,2053
11.4211,8184,1610,2369,-1426,3263,2023,91,11,0,7687,2089,2746,-1515,3372,2063
11.4369,7680,1678,3037,-1479,3636,1934,91,11,0,7811,1969,2651,-1493,3344,2053
11.453,7628,1014,4259,-1518,3741,1896,90,10,0,7778,1896,2747,-1490,3417,2023
11.453,7900,1102,4139,-1418,3258,1753,90,10,0,7740,1675,3125,-1497,3498,1991
11.469,8054,1450,3027,-1245,3046,1487,89,7,0,7780,1531,3378,-1478,3438,1931
11.469,7396,1190,4699,-1146,3519,1320,89,7,0,7848,1510,3290,-1420,3340,1820
11.4856,7378,966,4799,-1037,3412,1211,88,8,0,7735,1430,3642,-1352,3384,1695
11.5009,7518,1010,4649,-870,3042,1015,88,8,0,7645,1314,3931,-1274,3391,1574
11.501,7330,1102,4383,-717,2780,783,85,8,0,7613,1238,4110,-1173,3303,1434
11.517,6978,1064,4399,-630,2715,619,85,8,0,7542,1204,4178,-1059,3172,1271
11.533,6746,1154,4403,-601,2683,546,81,11,0,7401,1169,4233,-952,3057,1108
11.5331,6678,1182,3751,-629,2665,512,81,11,0,7237,1165,4275,-865,2963,967
11.5489,5986,1210,4565,-747,3085,566,78,14,0,7097,1169,4144,-806,2888,853
11.565,5894,916,5011,-873,3139,696,78,14,0,6819,1179,4249,-792,2937,781
11.565,5906,896,5139,-949,2890,785,76,16,0,6587,1113,4439,-813,2987,759
11.581,5860,1088,4733,-975,2730,832,76,16,0,6416,1058,4614,-847,2962,765
11.581,5558,916,5233,-994,2833,906,77,15,0,6277,1065,4643,-879,2904,781
11.5969,4994,1092,5575,-1000,2902,1016,77,15,0,6097,1027,4790,-908,2886,812
11.6129,4082,1574,5637,-956,2718,1108,78,17,0,5821,1043,4986,-931,2890,863
11.613,3294,1432,5593,-927,2372,1320,78,17,0,5386,1175,5148,-938,2847,924
11.6292,3910,414,5107,-989,2236,1826,77,17,0,4863,1239,5259,-936,2728,1023
11.6453,4784,-516,5563,-1043,2536,2362,77,17,0,4624,1032,5221,-950,2605,1223
11.6453,5248,-164,5843,-985,2812,2639,77,21,0,4664,645,5306,-974,2587,1507
11.6609,11796,-840,6895,-891,2439,2661,77,21,0,4810,442,5440,-977,2643,1790
11.661,13444,-1252,2665,-723,1195,1620,79,21,0,6556,121,5803,-956,2592,2007
11.677,5382,-526,5389,-634,2171,337,79,21,0,8278,-223,5018,-898,2242,1910
11.6931,3682,570,6607,-609,2984,-64,78,28,0,7554,-299,5110,-832,2224,1516
11.6931,4296,230,6741,-540,2999,152,78,28,0,6586,-82,5484,-777,2414,1121
11.7097,5362,124,6815,-412,2783,379,76,28,0,6013,-4,5798,-718,2560,878
11.7252,4750,-126,6763,-312,2463,446,76,28,0,5850,28,6052,-642,2615,753
11.7252,4876,260,6329,-269,2137,475,73,26,0,5575,-11,6229,-560,2577,676
11.741,5310,32,6463,-263,2079,516,73,26,0,5400,56,6254,-488,2467,625
11.757,5518,-36,6165,-260,1992,495,70,29,0,5377,50,6306,-432,2370,597
11.757,4988,-132,6525,-275,2012,449,70,29,0,5412,28,6270,-389,2275,571
11.773,4624,30,6697,-275,1999,424,69,32,0,5306,-12,6333,-361,2209,540
11.773,4634,1012,6483,-270,1970,434,69,32,0,5135,-2,6424,-340,2156,511
11.7891,4498,414,6691,-276,1849,481,68,36,0,5009,251,6438,-323,2109,491
11.805,4534,-410,6777,-354,1614,516,68,36,0,4881,291,6501,-312,2044,488
11.805,4860,-498,6751,-419,1390,500,67,38,0,4794,115,6570,-323,1936,495
11.8209,4660,-934,7211,-451,1210,422,67,38,0,4810,-39,6615,-347,1799,496
11.837,4296,-676,7119,-392,821,329,68,42,0,4772,-263,6764,-373,1651,477
11.8371,4940,78,6337,-295,415,240,68,42,0,4653,-367,6852,-378,1443,440
11.8536,5066,-228,6467,-265,361,168,68,49,0,4724,-256,6723,-358,1186,390
11.8536,4530,-280,6429,-304,572,66,68,54,0,4809,-249,6659,-335,979,334
11.8689,4296,-120,7095,-347,1065,11,68,54,0,4739,-257,6601,-328,877,267
11.885,4150,-226,7171,-336,1075,26,69,61,0,4628,-223,6724,-333,924,203
11.8851,4192,10,7001,-285,910,106,69,61,0,4508,-224,6835,-334,961,158
11.901,4508,1056,6541,-204,879,195,69,61,0,4429,-166,6876,-322,948,145
11.9169,3904,1100,6369,-159,913,292,69,61,0,4448,139,6792,-293,930,157
11.917,4122,294,6075,-287,709,413,68,64,0,4312,379,6686,-260,925,190
11.933,4238,-46,5871,-466,551,447,68,64,0,4264,357,6533,-267,871,245
11.949,4966,-144,6311,-672,623,421,67,67,0,4257,256,6367,-317,791,295
11.9491,4760,-870,6151,-796,-592,303,67,67,0,4434,156,6353,-406,749,326
11.9649,5776,-728,3583,-999,-2038,129,70,70,0,4515,-101,6302,-504,413,320
11.965,4694,-534,4159,-1292,-1732,-96,70,70,0,4830,-258,5622,-628,-200,272
11.9809,1872,-456,5809,-1550,-1430,-276,73,87,0,4796,-327,5256,-794,-583,180
11.9981,2696,46,5447,-1829,-2010,-283,73,87,0,4065,-360,5394,-983,-795,66
11.9981,5100,-328,4097,-2232,-2009,-5,79,99,0,3722,-259,5407,-1195,-1099,-22
12.0133,3310,-470,5549,-2642,-1595,265,79,99,0,4066,-277,5079,-1455,-1327,-18
12.0289,3322,-1010,6093,-2973,-1454,618,87,110,0,3877,-326,5196,-1752,-1394,52
12.029,-2068,2134,21815,-1605,2557,-18,87,110,0,3738,-497,5420,-2058,-1409,193
12.045,-534,-486,11867,184,4375,-671,99,115,0,2286,160,9518,-1945,-418,140
12.061,1982,-1526,6211,523,628,-447,99,115,0,1581,-2,10105,-1413,780,-63
12.061,3194,-898,3787,516,-1732,-201,91,82,0,1681,-383,9131,-929,742,-159
12.0769,6396,-1134,8795,772,-866,-211,91,82,0,2059,-512,7795,-568,123,-170
12.077,2244,56,6465,1098,-133,-140,79,94,0,3143,-668,8045,-233,-125,-181
12.093,6440,-1884,7053,1067,-816,55,79,94,0,2918,-487,7650,99,-127,-171
12.109,4340,-564,5025,1167,-504,-14,70,98,0,3798,-837,7500,341,-300,-115
12.109,5352,-874,6207,989,-228,-61,70,98,0,3933,-769,6881,547,-351,-90
12.1249,4614,-696,6551,877,113,-108,63,104,0,4287,-796,6712,657,-321,-83
12.1409,4548,-798,6653,873,146,-147,63,104,0,4368,-771,6671,712,-213,-90
12.141,4422,-746,6713,983,64,-216,59,104,0,4413,-778,6666,752,-124,-105
12.1571,4224,-548,7063,1175,-109,-292,59,104,0,4415,-770,6677,809,-77,-133
12.1571,4400,-356,7065,1439,-442,-365,56,104,0,4367,-715,6773,900,-85,-173
12.1729,4382,-388,7241,1758,-823,-417,56,104,0,4375,-626,6846,1034,-175,-221
12.1889,4242,-654,7397,2102,-1365,-429,51,106,0,4376,-567,6944,1215,-337,-270
12.189,4658,-578,6745,2322,-1844,-465,51,106,0,4342,-589,7057,1436,-594,-310
12.2049,5064,-318,6925,2411,-2123,-522,44,115,0,4421,-587,6979,1657,-907,-349
12.2209,5212,-414,5805,2352,-2215,-610,44,115,0,4581,-520,6965,1845,-1211,-393
12.221,5510,-466,4977,2221,-1930,-773,36,126,0,4738,-494,6675,1971,-1462,-448
12.2369,5658,-228,5165,2120,-1377,-966,36,126,0,4931,-487,6250,2033,-1579,-530
12.253,3632,-104,4751,580,2823,-209,31,134,0,5112,-423,5978,2054,-1529,-639
12.253,2382,-558,6545,-145,4172,-658,31,134,0,4742,-344,5671,1685,-441,-532
12.269,374,-728,9073,-493,5510,-926,34,118,0,4152,-398,5889,1227,712,-564
12.269,-56,44,8107,-704,6473,-1232,34,118,0,3207,-481,6685,797,1911,-655
12.2849,3320,314,5099,-814,7186,-1403,45,83,0,2391,-350,7040,421,3051,-800
12.301,1248,-48,7569,-892,7898,-1481,45,83,0,2623,-184,6554,112,4084,-951
12.301,2046,-202,6665,-919,8337,-1502,57,47,0,2279,-150,6807,-139,5037,-1084
12.3171,1710,-298,7235,-879,8693,-1511,57,47,0,2220,-163,6771,-334,5862,-1189
12.3329,-1238,-474,14827,-565,7789,-712,65,15,0,2092,-197,6887,-471,6569,-1270
12.333,2774,952,11315,-323,5432,-453,65,15,0,1259,-267,8872,-495,6874,-1131
12.3489,1426,576,10533,-201,3516,-319,68,0,0,1637,37,9482,-452,6513,-962
12.349,1510,460,9629,-101,1947,-155,68,0,0,1584,171,9744,-390,5763,-802
12.3653,2224,280,7775,-17,956,17,69,6,0,1565,243,9715,-318,4809,-641
12.3813,2662,84,7395,16,625,91,69,6,0,1729,252,9230,-243,3845,-477
12.3813,2056,282,7511,8,605,83,68,32,0,1962,210,8771,-179,3040,-335
12.3969,2262,164,7191,12,744,117,68,32,0,1985,228,8456,-133,2431,-231
12.4129,2640,42,7145,9,1001,140,68,53,0,2054,212,8139,-97,2009,-144
12.4129,2492,98,7559,-8,1277,120,68,53,0,2200,169,7890,-71,1757,-73
12.429,1880,260,7429,-20,1459,90,68,63,0,2273,151,7807,-56,1637,-25
12.4449,1940,226,8469,-26,1555,118,68,63,0,2174,178,7712,-47,1592,3
12.4449,1852,310,8873,-13,1369,152,68,66,0,2115,190,7901,-42,1582,31
12.4611,2118,110,8307,9,993,166,68,66,0,2049,220,8144,-35,1528,61
12.4611,1960,134,7913,10,686,132,68,67,0,2066,192,8184,-24,1394,87
12.4769,1870,192,7759,10,569,109,68,67,0,2039,177,8116,-16,1217,98
12.4929,1854,186,7621,4,594,109,69,71,0,1996,180,8026,-10,1055,100
12.4929,1768,34,7389,4,717,114,69,71,0,1960,181,7924,-7,939,102
12.5089,1936,-62,7057,-4,935,109,70,77,0,1912,144,7790,-5,883,105
12.5249,1954,-2,6819,-17,1300,88,70,77,0,1918,92,7606,-5,896,106
12.525,1526,126,6445,-32,1804,83,70,78,0,1927,68,7409,-8,997,101
12.5413,1614,156,6047,-46,2535,130,70,78,0,1826,82,7168,-14,1198,96
12.557,870,10,6259,-67,3416,184,71,74,0,1773,100,6887,-22,1532,104
12.557,1404,114,5509,-93,4324,231,71,74,0,1547,77,6730,-34,2003,124
12.5729,428,8,4417,-123,5513,305,72,60,0,1511,86,6424,-49,2583,150
12.573,-458,-196,4921,-196,7285,497,72,60,0,1240,66,5922,-68,3315,188
12.589,3020,2414,6989,-301,8983,685,73,40,0,815,0,5671,-100,4307,265
12.6049,-2128,-892,15197,-289,5479,990,73,40,0,1366,603,6000,-151,5476,370
12.6049,180,258,7913,-80,1006,901,75,4,0,492,229,8299,-186,5476,525
12.6209,-282,86,8447,-37,160,882,75,4,0,414,236,8202,-160,4358,619
12.637,38,174,8251,-19,-167,871,77,17,0,240,198,8263,-130,3308,684
12.637,252,32,7825,-10,-338,859,77,17,0,189,192,8260,-103,2439,730
12.6529,174,-60,7549,-8,-237,814,76,45,0,204,152,8151,-80,1744,762
12.6529,222,36,7753,-17,41,771,76,45,0,196,99,8000,-62,1248,775
12.6689,180,-62,8253,-19,248,712,76,64,0,202,83,7938,-51,946,774
12.685,222,-150,8407,-18,243,634,77,70,0,196,46,8016,-43,771,758
12.685,268,-122,8155,-11,123,525,77,70,0,202,-3,8113,-37,639,727
12.7009,312,-80,7947,-6,47,402,78,76,0,218,-33,8123,-31,510,676
12.7169,358,-94,8093,-4,23,271,78,76,0,241,-45,8079,-25,394,607
12.7169,216,34,7981,0,11,154,79,80,0,270,-58,8082,-20,301,523
12.733,6,102,8089,4,25,58,79,80,0,256,-35,8056,-15,228,430
12.7494,-34,106,8009,1,15,23,79,85,0,193,-1,8064,-11,177,337
12.7495,-10,134,8011,5,6,14,79,85,0,136,25,8050,-8,136,258
12.7649,2,88,8027,3,1,8,80,88,0,99,52,8040,-5,103,197
12.7649,-18,86,8021,1,6,7,80,88,0,74,61,8036,-3,77,149
12.781,-4,110,7993,3,8,7,81,90,0,51,67,8032,-2,59,113
12.7969,-6,78,8047,4,9,7,81,90,0,37,77,8022,-1,46,86
12.7969,-26,76,8041,2,4,8,82,93,0,26,77,8028,0,36,66
12.8129,-22,118,7995,3,1,7,82,93,0,13,76,8031,0,28,51
12.829,-58,82,8057,5,8,6,82,94,0,4,86,8022,0,21,40
12.829,-16,118,8017,5,1,7,82,94,0,-12,85,8030,1,17,31
12.8453,-40,118,8063,4,-4,7,82,96,0,-13,93,8026,2,13,25
12.8454,26,94,8053,3,6,7,82,96,0,-20,99,8035,2,8,20
12.8609,8,116,7921,3,25,7,83,97,0,-9,97,8039,2,7,16
12.8769,4,38,7949,5,75,4,83,97,0,-5,101,8009,2,11,13
12.8769,110,88,8035,6,142,-32,84,98,0,-3,85,7994,2,27,10
12.8929,122,-20,8075,7,156,-69,84,98,0,25,85,8004,3,55,-1
12.909,104,-20,8063,12,138,-134,84,99,0,49,58,8021,4,80,-18
12.9091,90,64,8023,11,115,-213,84,99,0,62,38,8031,6,94,-47
12.9249,-10,96,8103,11,86,-261,85,99,0,69,44,8029,7,99,-89
12.941,164,44,8055,16,54,-291,85,99,0,49,57,8047,8,95,-132
12.941,404,-76,8027,18,46,-366,85,100,0,77,53,8049,10,84,-172
12.9569,494,-188,8103,18,25,-503,85,100,0,158,20,8043,12,74,-221
12.957,678,-248,7991,30,7,-722,86,101,0,242,-32,8058,13,61,-292
12.9729,608,-250,8109,39,4,-979,86,101,0,351,-86,8041,17,47,-400
12.989,554,-202,8091,50,1,-1256,86,102,0,415,-127,8058,22,36,-545
12.9891,380,-64,7845,58,-12,-1507,86,102,0,449,-146,8066,29,27,-723
13.005,-974,486,8141,63,-85,-1598,86,103,0,431,-126,8010,36,17,-919
13.0209,-648,366,7619,44,-123,-1398,86,103,0,79,27,8042,42,-9,-1089
13.021,-622,330,7883,37,-7,-1147,87,105,0,-103,111,7936,42,-38,-1167
13.037,-518,286,8057,33,6,-920,87,105,0,-233,165,7922,40,-31,-1162
13.0529,-520,338,7943,29,-12,-712,87,106,0,-305,195,7955,38,-22,-1102
13.053,-410,232,7989,20,-6,-558,87,106,0,-359,230,7952,35,-20,-1005
13.0689,-46,102,8001,18,-7,-443,88,106,0,-372,230,7961,31,-17,-894
13.0689,322,-122,7991,16,-14,-428,88,106,0,-291,198,7971,27,-15,-782
13.085,414,-262,7999,17,-13,-518,88,107,0,-138,118,7976,24,-15,-694
13.1009,488,-216,8123,23,-12,-668,88,107,0,0,23,7981,22,-15,-650
13.101,306,30,8117,30,-5,-830,88,107,0,122,-37,8016,22,-15,-655
13.1179,-44,154,8243,30,17,-954,88,107,0,168,-21,8041,24,-13,-699
13.1329,-378,264,8189,34,30,-996,89,108,0,115,22,8091,25,-6,-763
13.1329,-488,378,7871,36,20,-933,89,108,0,-9,82,8115,27,3,-822
13.1489,-722,404,8021,30,13,-791,89,108,0,-129,156,8054,29,7,-850
13.1489,-756,430,8063,21,5,-602,89,108,0,-278,218,8045,29,8,-836
13.1649,-766,360,8013,15,13,-373,89,108,0,-398,271,8049,27,7,-778
13.1809,14,74,8103,8,10,-139,89,108,0,-490,293,8040,24,8,-677
13.1809,-28,62,7993,6,3,-34,90,109,0,-364,238,8055,20,8,-543
13.1969,-62,104,8039,6,5,-3,90,109,0,-280,194,8039,16,6,-416
13.2129,-18,108,7997,3,9,5,90,109,0,-226,171,8039,13,5,-313
13.2129,-48,132,7987,3,12,7,90,109,0,-174,155,8028,10,6,-234
13.2289,-54,122,8003,3,13,8,90,109,0,-143,149,8017,8,7,-174
13.2448,-104,116,8067,1,8,13,90,109,0,-121,142,8013,6,8,-129
13.2449,-446,250,7993,3,5,36,91,110,0,-117,135,8026,4,8,-94
13.2608,-928,522,7987,-2,0,147,91,110,0,-200,163,8017,3,7,-62
13.2609,-1440,770,7963,-14,1,410,91,110,0,-382,252,8009,1,5,-10
13.2768,-1328,590,8009,-24,3,842,91,110,0,-647,381,7997,-3,4,95
13.2928,-908,376,7921,-39,-9,1226,92,110,0,-818,433,8000,-9,3,281
13.2929,-624,326,8099,-51,-23,1535,92,110,0,-841,418,7980,-17,0,517
13.3089,-294,170,7801,-55,-25,1747,93,110,0,-787,395,8009,-26,-6,771
13.3249,-644,114,8141,-58,-34,1887,93,110,0,-664,338,7957,-34,-11,1015
13.325,-288,166,7971,-62,-33,2014,93,112,0,-659,282,8003,-40,-17,1233
13.3409,1126,-332,8805,-67,116,2085,93,112,0,-567,253,7995,-46,-21,1428
13.3569,516,284,7633,-60,65,1926,94,112,0,-144,106,8197,-52,13,1592
13.3569,1104,-600,8227,-53,42,1658,94,112,0,21,150,8056,-54,26,1675
13.3729,720,-358,7957,-38,20,1296,94,111,0,291,-38,8098,-54,30,1670
13.3729,244,-26,8009,-29,21,984,94,111,0,398,-118,8062,-50,27,1576
13.3889,-92,198,8093,-22,25,825,94,111,0,359,-95,8048,-45,25,1428
13.4048,-270,352,8077,-25,30,803,94,111,0,246,-22,8059,-40,25,1277
13.4049,-236,386,8043,-22,49,864,94,112,0,117,71,8063,-37,26,1158
13.421,-394,440,8085,-27,70,948,94,112,0,28,149,8058,-34,31,1084
13.4369,-510,532,7945,-27,80,1055,94,112,0,-78,221,8064,-33,40,1050
13.4369,-392,42,8069,-36,58,1189,94,112,0,-186,298,8034,-32,50,1051
13.4528,-242,-30,8121,-39,41,1301,94,112,0,-238,234,8042,-33,52,1085
13.4529,-258,-182,8151,-39,22,1376,94,112,0,-239,168,8061,-35,49,1139
13.469,-140,-192,8063,-42,9,1416,94,112,0,-244,80,8083,-36,42,1198
13.4848,-194,-98,8147,-45,8,1429,94,112,0,-218,12,8078,-38,33,1252
13.4849,238,128,8035,-44,12,1417,94,112,0,-212,-16,8095,-40,26,1296
13.5008,34,-4,7939,-44,15,1379,94,113,0,-100,20,8080,-41,22,1326
13.517,68,122,7935,-40,13,1331,94,113,0,-67,14,8044,-42,20,1339
13.5171,164,160,8059,-42,20,1275,94,113,0,-34,41,8016,-42,18,1337
13.5329,-98,278,8131,-41,28,1215,94,113,0,15,70,8026,-42,18,1321
13.5488,46,50,8147,-37,26,1186,95,113,0,-14,122,8052,-42,20,1294
13.5489,248,96,7977,-34,16,1146,95,113,0,1,104,8075,-41,21,1267
13.565,246,112,8003,-32,26,1083,95,113,0,62,102,8050,-40,19,1236
13.5651,94,48,7991,-29,20,1000,95,113,0,108,104,8038,-38,20,1197
13.5809,76,30,8025,-26,14,917,95,113,0,104,90,8026,-36,20,1147
13.5968,114,-336,8079,-22,12,840,95,113,0,97,75,8025,-34,18,1089
13.5969,58,-164,7993,-19,7,750,95,113,0,101,-28,8038,-31,16,1026
13.6129,-30,8,8049,-19,6,689,95,113,0,90,-62,8026,-28,13,957
13.6288,-256,132,7981,-17,4,659,95,114,0,60,-45,8031,-26,11,890
13.6289,-376,294,8057,-17,1,705,95,114,0,-19,-1,8018,-24,9,832
13.6452,-678,358,8071,-28,3,889,95,114,0,-109,72,8027,-23,7,800
13.6453,-898,608,7897,-36,6,1249,95,114,0,-252,143,8038,-25,6,822
13.6608,-706,392,8035,-58,11,1803,95,114,0,-414,259,8002,-28,6,928
13.6769,-476,20,7993,-77,1,2453,95,114,0,-487,292,8010,-36,7,1146
13.6769,-162,-48,7999,-94,-5,2814,95,114,0,-485,224,8005,-47,5,1472
13.6929,2234,-1522,8115,-81,21,2565,95,114,0,-405,156,8003,-59,2,1807
13.7088,2038,-314,7841,-36,35,1197,95,114,0,254,-264,8031,-65,6,1996
13.7089,176,56,8083,-8,49,317,95,114,0,700,-277,7983,-58,13,1796
13.7248,474,26,8101,0,25,81,95,114,0,569,-194,8008,-46,22,1426
13.7409,266,198,8029,6,2,-78,95,114,0,545,-139,8031,-35,22,1089
13.7409,88,74,8025,11,0,-181,95,114,0,475,-55,8030,-25,17,797
13.7568,-168,66,8047,10,-7,-251,95,114,0,378,-23,8028,-16,12,552
13.7569,-526,192,8047,9,-11,-269,95,115,0,241,-1,8032,-10,7,351
13.7728,-748,206,7997,12,-3,-234,95,115,0,49,47,8035,-6,2,196
13.7889,-728,146,8019,10,0,-149,94,115,0,-151,86,8025,-2,0,88
13.7889,-236,78,7975,3,1,-62,94,115,0,-296,101,8023,1,0,28
13.8049,-126,94,8047,4,2,-21,93,115,0,-281,95,8011,1,0,5
13.8208,-130,100,8015,0,1,-6,93,115,0,-243,94,8020,1,0,-2
13.8208,-86,88,8029,4,1,4,94,115,0,-215,95,8018,0,0,-3
13.8369,-44,110,7995,4,0,5,94,115,0,-183,93,8020,1,0,-2
13.8528,228,152,8055,5,0,-13,94,115,0,-149,97,8013,1,0,-1
13.8529,402,228,8077,10,2,-106,94,115,0,-55,110,8023,2,0,-4
13.8688,408,174,8025,14,-5,-238,94,115,0,59,139,8036,4,0,-30
13.8689,320,116,8081,17,-13,-365,94,115,0,146,147,8033,6,-2,-82
13.8849,244,112,7955,21,-16,-471,94,116,0,189,139,8045,8,-5,-153
13.9008,-228,-8,8109,23,-24,-560,94,116,0,202,132,8022,11,-8,-233
13.9009,-550,-2,7993,24,-25,-591,94,116,0,94,97,8043,14,-12,-315
13.9168,-522,-182,8081,24,-50,-549,94,116,0,-67,72,8030,16,-16,-384
13.9328,-816,348,8029,18,-63,-431,94,116,0,-181,8,8042,18,-25,-426
13.9329,-218,226,7943,7,-58,-187,94,116,0,-340,93,8038,18,-35,-428
13.9489,-60,124,7951,2,-48,-50,94,116,0,-310,126,8014,15,-41,-368
13.9489,-84,108,8035,3,-37,-8,94,116,0,-248,125,7998,11,-43,-289
13.9648,-42,84,8033,2,-19,5,94,116,0,-207,120,8007,9,-42,-219
13.9808,-20,126,8019,5,6,8,94,116,0,-166,111,8013,7,-37,-163
13.9809,-56,86,8023,4,29,6,94,116,0,-130,114,8014,6,-27,-121
13.9969,-80,88,8089,7,23,4,94,116,0,-112,107,8016,5,-13,-90
14.0131,40,-22,8041,9,-22,-50,94,116,0,-104,102,8034,5,-4,-67
14.0132,-38,-298,8189,5,-59,-147,94,116,0,-68,71,8035,6,-9,-63
14.0288,-238,-1142,8119,13,-102,-434,94,116,0,-61,-22,8073,5,-22,-84
14.045,138,-996,8285,29,-188,-1071,94,116,0,-106,-302,8084,7,-42,-172
14.045,392,220,8043,32,-310,-1537,94,116,0,-45,-476,8134,12,-79,-397
14.0609,1320,458,6685,-13,-231,-1311,94,116,0,64,-302,8111,17,-137,-682
14.0609,-608,640,9427,-106,-62,-958,94,119,0,378,-112,7754,9,-161,-840
14.0768,1434,-736,7197,-193,-625,-939,94,119,0,131,76,8172,-20,-137,-870
14.093,832,-756,8575,-361,-608,-1297,95,119,0,456,-127,7928,-64,-259,-888
14.093,710,-976,9435,-371,-805,-1583,95,119,0,550,-285,8089,-139,-347,-991
14.1089,978,-116,8673,-279,-1334,-2025,97,122,0,590,-458,8425,-197,-462,-1139
14.1248,368,312,9055,-366,-1669,-2386,97,122,0,687,-373,8487,-218,-680,-1361
14.1249,406,172,8409,-491,-2052,-2558,98,128,0,607,-202,8629,-255,-928,-1618
14.1408,50,-588,8897,-549,-2317,-2490,98,128,0,556,-109,8574,-314,-1209,-1853
14.1409,340,-982,8057,-720,-2505,-2363,98,137,0,429,-229,8654,-373,-1486,-2013
14.1569,852,-990,8499,-951,-2466,-2302,98,137,0,406,-418,8504,-460,-1741,-2101
14.1728,1482,-1000,8275,-1045,-2591,-2285,102,147,0,517,-561,8502,-583,-1923,-2152
14.1729,1982,-876,7769,-1009,-2828,-2351,102,147,0,758,-671,8445,-699,-2090,-2186
14.1888,2022,-680,7125,-956,-2891,-2480,105,154,0,1064,-723,8276,-777,-2275,-2228
14.2049,2006,-462,7077,-977,-2704,-2600,105,154,0,1303,-713,7988,-822,-2429,-2291
14.2049,1250,-372,7919,-1007,-2425,-2622,107,161,0,1478,-651,7760,-861,-2498,-2369
14.2208,1652,-734,7901,-1077,-2313,-2579,107,161,0,1421,-582,7799,-898,-2480,-2433
14.2368,1756,-910,7615,-1091,-2314,-2768,109,164,0,1478,-620,7824,-943,-2439,-2470
14.2368,1762,-936,7697,-1137,-2228,-2973,109,164,0,1547,-693,7771,-980,-2408,-2545
14.2528,1372,-608,8157,-1272,-2157,-3139,110,165,0,1600,-754,7752,-1020,-2363,-2652
14.2528,836,-374,7937,-1450,-2108,-3187,110,165,0,1543,-718,7853,-1083,-2312,-2774
14.2688,468,-452,7855,-1563,-2016,-2958,112,166,0,1366,-632,7874,-1175,-2261,-2878
14.2848,934,-376,6483,-1492,-1868,-2570,112,166,0,1141,-587,7869,-1272,-2200,-2898
14.2848,1026,-192,6193,-1332,-1443,-2260,115,166,0,1089,-535,7522,-1327,-2117,-2816
14.3008,608,-432,7479,-1210,-842,-2054,115,166,0,1073,-450,7189,-1329,-1949,-2677
14.3168,312,-536,8703,-1081,-534,-1813,116,164,0,956,-446,7261,-1300,-1673,-2522
14.3169,696,-546,8059,-924,-602,-1588,117,160,0,795,-469,7621,-1246,-1389,-2345
14.3328,1034,-658,7343,-842,-619,-1468,117,160,0,770,-489,7730,-1166,-1193,-2156
14.3488,1026,-910,6561,-843,-338,-1420,115,153,0,836,-532,7633,-1085,-1050,-1984
14.3488,1324,-1084,7221,-917,79,-1302,115,153,0,883,-627,7365,-1025,-872,-1843
14.3648,1370,-1050,7463,-867,554,-1137,114,148,0,993,-742,7329,-998,-635,-1708
14.3649,1494,-978,7585,-799,757,-987,114,148,0,1087,-819,7362,-966,-338,-1566
14.3815,1588,-894,8185,-723,824,-878,113,140,0,1188,-859,7417,-925,-65,-1422
14.3968,1582,-638,8005,-733,806,-762,113,140,0,1288,-868,7609,-875,157,-1286
14.3969,1584,-528,8351,-798,781,-598,111,132,0,1361,-811,7708,-840,319,-1155
14.4128,1580,-644,8133,-809,701,-409,111,132,0,1416,-741,7868,-830,434,-1016
14.429,2032,-896,7927,-780,596,-230,110,127,0,1457,-717,7934,-825,500,-865
14.429,2286,-1002,7779,-685,571,-163,110,127,0,1600,-762,7932,-814,524,-707
14.4448,2618,-1282,7415,-589,668,-195,110,124,0,1771,-822,7893,-782,535,-571
14.4449,2546,-1316,7275,-505,845,-281,110,124,0,1982,-937,7773,-734,568,-477
14.4608,2320,-1348,7159,-464,819,-461,109,123,0,2123,-1032,7648,-677,637,-428
14.4769,1906,-1038,7327,-511,507,-635,109,123,0,2172,-1111,7525,-624,682,-437
14.477,1898,-848,7181,-638,-12,-715,106,120,0,2105,-1093,7475,-596,638,-487
14.4928,2724,-1282,6973,-722,-421,-699,106,120,0,2053,-1032,7401,-607,475,-544
14.5088,2088,-1202,8657,-272,30,-733,106,122,0,2220,-1095,7294,-636,251,-583
14.5088,2444,-1158,5969,-28,-153,-761,106,122,0,2187,-1122,7634,-545,195,-621
14.5248,2906,-1510,7101,25,91,-714,104,125,0,2251,-1131,7217,-416,108,-656
14.541,2520,-880,6981,86,449,-753,104,125,0,2414,-1226,7188,-306,103,-671
14.5411,1650,-498,8143,66,702,-797,100,127,0,2440,-1140,7136,-208,189,-692
14.5568,1452,-730,7335,28,812,-807,100,127,0,2242,-980,7387,-140,317,-719
14.5568,1368,-854,7641,-3,1047,-713,97,124,0,2044,-918,7374,-98,440,-741
14.573,1506,-696,8369,12,1121,-565,97,124,0,1875,-902,7440,-75,591,-734
14.5888,1868,-892,8257,91,943,-438,95,118,0,1782,-851,7672,-54,723,-692
14.5888,1880,-1310,8469,183,684,-356,95,118,0,1803,-862,7818,-18,778,-629
14.6047,1970,-1354,8063,304,370,-390,93,115,0,1822,-974,7980,32,754,-561
14.6209,2110,-1548,7505,459,118,-494,93,115,0,1859,-1069,8000,100,658,-519
14.621,1920,-1400,7367,632,-4,-625,90,116,0,1921,-1189,7876,189,523,-513
14.6368,1384,-1122,7643,794,0,-667,90,116,0,1920,-1242,7748,299,391,-541
14.6369,1102,-1210,7655,944,-25,-625,86,120,0,1786,-1212,7721,422,293,-573
14.6528,1032,-1174,7621,1060,15,-572,86,120,0,1615,-1212,7704,552,213,-586
14.6689,1216,-1094,7201,1097,149,-496,81,122,0,1469,-1203,7683,679,163,-583
14.669,1008,-1050,7015,1055,529,-425,81,122,0,1405,-1176,7562,783,159,-562
14.6848,1368,-1180,6803,889,1111,-356,76,123,0,1305,-1145,7425,851,251,-528
14.7009,1590,-1000,7947,671,1717,-279,76,123,0,1320,-1154,7269,860,466,-485
14.7009,1626,-808,8407,510,1988,-176,74,118,0,1387,-1116,7438,812,778,-434
14.7168,1620,-920,8967,467,1784,-79,74,118,0,1446,-1039,7680,736,1080,-370
14.7329,1466,-976,9275,513,1283,2,75,109,0,1489,-1010,8001,668,1256,-298
14.7329,1242,-844,8799,611,721,34,75,109,0,1483,-1002,8319,629,1262,-223
14.7499,1164,-728,8239,656,270,27,76,105,0,1422,-963,8439,624,1126,-159
14.7499,1000,-792,7563,646,86,2,76,105,0,1357,-905,8389,632,912,-113
14.7648,916,-796,7791,593,126,-20,75,109,0,1267,-877,8182,635,705,-85
14.7809,684,-634,7979,522,221,-79,75,109,0,1179,-857,8084,624,560,-69
14.7809,662,-482,7585,424,362,-154,75,114,0,1055,-802,8057,598,475,-72
14.7969,740,-182,7527,311,541,-226,75,114,0,956,-722,7939,554,446,-93
14.8128,730,172,7699,181,753,-274,75,116,0,902,-587,7836,493,469,-127
14.8128,856,210,7965,82,924,-284,75,116,0,859,-398,7801,415,540,-164
14.8288,908,194,8281,63,972,-285,77,113,0,858,-246,7842,331,636,-194
14.8449,1080,64,8015,138,900,-313,77,113,0,870,-136,7951,264,720,-217
14.8449,1226,178,7823,285,791,-356,79,110,0,922,-86,7967,232,765,-241
14.8608,1172,358,7827,491,674,-376,79,110,0,998,-20,7931,245,771,-270
14.8608,886,632,7913,687,606,-363,80,108,0,1041,74,7905,306,746,-297
14.8768,840,646,7601,872,593,-308,80,108,0,1002,213,7907,401,711,-314
14.8928,886,526,7501,1028,649,-260,77,108,0,961,321,7830,518,681,-313
14.8929,766,526,7021,1166,821,-244,77,108,0,942,372,7747,645,673,-300
14.9089,820,1170,6643,1327,1138,-260,72,108,0,898,410,7565,775,710,-286
14.9248,1596,1678,5379,1263,1903,-330,72,108,0,878,600,7334,913,817,-280
14.9248,926,1650,5003,715,3341,-519,68,105,0,1057,869,6845,1000,1088,-293
14.9408,-4572,1472,18447,346,4836,-645,68,105,0,1024,1064,6384,928,1651,-350
14.9409,4922,1248,653,1214,1908,-141,67,91,0,-375,1166,9399,782,2447,-424
14.957,-636,1076,6843,697,1698,14,67,91,0,949,1186,7212,890,2312,-354
14.9728,-146,1038,9621,121,319,14,68,77,0,552,1158,7119,841,2158,-262
14.9728,332,-298,7073,-57,-331,-9,68,77,0,377,1128,7744,661,1698,-193
14.9888,222,-180,7945,-27,-136,-12,71,85,0,365,771,7576,481,1190,-147
15.0048,98,-54,7845,2,23,-31,71,85,0,329,533,7668,354,858,-114
15.0049,140,194,7997,32,170,-40,76,97,0,271,386,7712,266,649,-94
15.0208,222,520,8251,17,161,-41,76,97,0,238,338,7783,207,529,-81
15.0368,330,522,8047,-1,63,-38,78,101,0,234,383,7900,159,437,-71
15.0368,248,76,7975,-1,39,-33,78,101,0,258,417,7936,119,343,-63
15.053,170,108,8025,9,75,-32,81,104,0,255,331,7945,89,267,-56
15.053,86,88,8043,4,64,-38,81,104,0,233,275,7965,69,219,-50
15.0691,102,124,7969,4,48,-49,81,106,0,196,228,7984,52,180,-47
15.0848,118,104,7951,1,37,-68,81,106,0,172,202,7980,40,147,-48
15.0848,110,-16,7929,6,45,-100,83,107,0,158,177,7972,30,119,-53
15.1008,-62,-60,7979,8,66,-155,83,107,0,146,128,7961,24,100,-65
15.1171,-64,-96,7871,14,110,-241,83,109,0,94,81,7965,20,91,-88
15.1172,70,46,7761,20,180,-324,83,109,0,54,36,7941,18,95,-127
15.1328,-12,164,8073,18,233,-384,84,109,0,58,38,7896,18,116,-177
15.1489,-52,112,8025,13,220,-430,84,109,0,40,69,7940,18,145,-229
15.149,-164,-144,7953,1,223,-480,84,109,0,17,79,7961,16,163,-280
15.1648,-414,-150,7737,-5,285,-570,84,108,0,-29,23,7959,12,178,-330
15.1649,-388,-110,7471,-23,398,-696,84,108,0,-126,-21,7903,7,204,-390
15.1807,-388,-440,7119,-64,635,-801,84,108,0,-192,-44,7795,-1,252,-467
15.1969,-538,-746,9273,-180,922,-936,84,108,0,-241,-143,7626,-17,347,-551
15.197,1728,52,8101,-74,451,-1257,86,105,0,-316,-294,8037,-58,490,-648
15.2128,-1326,612,8013,21,161,-1574,86,105,0,195,-208,8053,-62,480,-801
15.2287,-272,-300,7897,44,62,-1494,86,103,0,-186,-3,8043,-42,400,-995
15.2289,-248,-76,8179,58,44,-1622,86,103,0,-208,-78,8006,-21,315,-1120
15.2447,-236,214,7859,63,31,-1818,87,106,0,-218,-78,8049,-2,247,-1246
15.2448,-74,238,8011,73,18,-1915,87,106,0,-223,-5,8001,14,193,-1389
15.2608,-74,426,8039,71,7,-1960,86,107,0,-186,55,8003,28,149,-1521
15.2769,-82,258,8135,71,0,-1941,86,107,0,-158,147,8012,38,113,-1631
15.277,-26,406,8003,70,-6,-1874,87,109,0,-139,174,8042,46,84,-1709
15.2927,376,176,8161,66,-9,-1782,87,109,0,-111,232,8032,52,61,-1751
15.3091,-158,484,8077,68,-3,-1734,87,111,0,10,218,8064,55,43,-1759
15.3092,-296,272,7935,61,-1,-1583,87,111,0,-32,284,8067,58,31,-1753
15.3247,320,24,8043,58,-2,-1463,87,111,0,-98,281,8034,58,23,-1711
15.3407,-380,286,8201,53,4,-1421,87,111,0,6,216,8036,58,16,-1649
15.3409,66,242,8129,53,-4,-1324,88,111,0,-91,233,8077,56,13,-1592
15.3568,-24,208,8247,47,-4,-1231,88,111,0,-52,235,8090,55,8,-1525
15.3569,172,204,7835,46,-1,-1109,88,111,0,-45,228,8129,53,5,-1452
15.3727,80,48,8119,39,1,-995,88,111,0,9,222,8055,51,3,-1367
15.3887,-90,72,7889,41,-9,-962,88,111,0,26,178,8071,48,2,-1274
15.389,818,714,9233,37,-26,-936,88,111,0,-3,151,8025,46,-1,-1196
15.4048,-758,174,7855,46,-28,-829,88,113,2,202,291,8327,43,-8,-1131
15.4208,-326,146,7971,35,-8,-608,88,113,2,-38,261,8209,43,-13,-1056
15.4208,-296,262,8125,28,-8,-539,89,113,4,-110,232,8149,41,-12,-944
15.4367,-276,1062,8133,20,-4,-478,89,113,4,-157,239,8143,37,-11,-843
15.4368,-226,-84,7879,15,-8,-375,89,113,5,-187,444,8140,32,-10,-752
15.4528,-140,254,7845,21,-6,-411,89,113,5,-197,312,8074,27,-10,-658
15.4687,116,128,7993,17,-9,-388,89,113,6,-183,297,8016,25,-9,-597
15.4688,-388,1140,7937,15,-18,-362,89,113,6,-109,254,8010,23,-9,-545
15.4851,-58,110,7983,16,-2,-281,89,113,7,-179,475,7991,21,-12,-500
15.5007,-202,206,8243,19,7,-288,89,113,7,-149,383,7989,19,-10,-446
15.5009,120,224,7943,11,-15,-254,90,113,7,-163,338,8052,19,-6,-407
15.5168,-50,134,8067,9,4,-159,90,113,7,-93,309,8024,17,-9,-369
15.5329,10,128,7953,8,3,-57,90,113,8,-83,265,8034,15,-6,-317
15.5329,-126,154,8051,8,-4,-4,90,113,8,-60,230,8013,13,-4,-252
15.5487,-106,174,7931,5,-8,22,90,114,7,-77,211,8022,11,-4,-190
15.5488,-80,162,8025,5,-4,39,90,114,7,-85,201,7999,9,-5,-137
15.5648,-46,332,7989,1,-2,71,90,114,8,-84,191,8005,8,-5,-93
15.5809,-72,458,7971,-4,3,141,90,114,8,-75,226,8001,6,-5,-52
15.5809,-276,322,7957,-9,4,257,90,114,8,-75,284,7993,3,-3,-4
15.5967,-266,326,7999,-18,8,422,90,114,8,-126,293,7984,0,-2,61
15.6127,-274,376,8047,-25,16,596,91,114,7,-161,301,7987,-5,0,151
15.6128,-622,852,8001,-33,23,812,91,114,7,-190,319,8002,-10,4,262
15.6288,-760,898,7977,-41,26,1141,92,113,6,-298,452,8001,-16,8,399
15.6451,-784,1036,7979,-58,21,1543,92,113,6,-414,563,7995,-23,12,584
15.6451,-726,910,7899,-69,8,1901,92,113,4,-507,681,7991,-32,14,823
15.6607,-632,654,7929,-83,-16,2231,92,113,4,-562,738,7968,-42,12,1092
15.6608,-448,338,8107,-99,-23,2554,92,113,1,-580,717,7958,-53,5,1376
15.6768,-424,160,8189,-111,-41,2847,92,113,1,-547,622,7995,-65,-2,1670
15.6928,-48,-136,8121,-120,-69,3074,94,114,0,-517,506,8043,-77,-12,1964
15.6928,-212,-154,8015,-122,-63,3244,94,114,0,-400,345,8062,-88,-27,2241
15.7094,396,-388,8231,-127,-46,3364,94,114,0,-353,220,8050,-97,-36,2491
15.7249,142,-48,7973,-115,-28,3423,94,114,0,-166,68,8095,-105,-39,2709
15.7249,34,-48,8043,-108,-4,3443,94,114,0,-89,39,8064,-108,-37,2887
15.7407,138,-80,8099,-112,-8,3494,94,114,0,-59,17,8058,-108,-29,3026
15.7408,524,-166,7997,-114,-32,3554,95,114,0,-10,-8,8068,-109,-24,3143
15.7567,760,-298,8173,-111,-59,3532,95,114,0,123,-48,8050,-111,-26,3245
15.7728,828,-212,8165,-107,-99,3419,95,114,0,282,-111,8080,-111,-35,3316
15.7728,828,-102,7885,-105,-149,3234,95,114,0,418,-137,8101,-110,-51,3341
15.7892,290,150,7861,-87,-170,3054,95,115,0,520,-129,8047,-109,-76,3314
15.8047,-64,210,7787,-77,-107,2910,95,115,0,462,-60,8000,-104,-100,3249
15.8048,36,122,7945,-77,-36,2827,95,116,0,330,7,7946,-98,-102,3164
15.8206,62,12,8031,-73,-16,2725,95,116,0,256,35,7945,-93,-86,3079
15.8368,-68,-128,8253,-72,-45,2605,95,116,0,207,29,7966,-88,-69,2990
15.8368,-44,-98,8039,-61,-106,2471,95,116,0,138,-11,8037,-84,-63,2893
15.8534,-152,-76,8065,-49,-194,2306,94,115,0,92,-33,8037,-79,-74,2787
15.8534,-334,102,7971,-37,-269,2147,94,115,0,31,-44,8044,-72,-104,2666
15.8687,-94,96,8075,-36,-280,2061,95,117,0,-61,-8,8025,-64,-146,2536
15.8849,-108,142,7821,-30,-260,2043,95,117,0,-70,18,8037,-57,-180,2417
15.8849,-86,120,7829,-26,-192,2077,94,118,0,-80,49,7983,-51,-200,2323
15.9008,-130,62,8137,-24,-138,2131,94,118,0,-82,66,7944,-45,-198,2261
15.9167,-232,156,8149,-20,-163,2188,94,119,0,-94,65,7992,-40,-183,2228
15.9168,-56,72,8121,-16,-234,2249,94,119,0,-129,87,8031,-35,-178,2218
15.9328,-152,72,7911,-12,-318,2294,94,118,0,-111,83,8053,-31,-192,2225
15.9328,-318,20,8067,-19,-334,2341,94,118,0,-122,80,8017,-27,-224,2242
15.9488,-82,126,7767,-13,-301,2386,94,120,0,-171,65,8029,-25,-252,2266
15.9647,162,126,7875,-14,-188,2421,94,120,0,-149,80,7963,-22,-265,2296
15.9648,3294,-4366,7519,-20,-97,2238,94,120,0,-72,91,7941,-20,-246,2327
15.9808,220,806,7239,1,63,538,94,120,0,769,-1024,7835,-20,-209,2304
15.9968,182,-72,7919,-23,462,116,94,120,0,631,-567,7686,-15,-141,1862
15.9968,-368,156,8967,-27,579,35,94,119,0,518,-444,7744,-17,9,1425
16.013,-38,104,8283,-2,261,26,94,119,0,296,-294,8049,-20,151,1077
16.0288,156,54,7833,5,81,32,93,115,0,212,-195,8107,-16,178,814
16.0288,106,86,8047,3,133,28,93,115,0,198,-133,8038,-11,153,618
16.0448,32,58,8123,2,163,26,93,115,0,175,-79,8040,-8,148,470
16.0448,66,68,7985,2,153,26,93,115,0,139,-45,8060,-6,151,359
16.0609,2,70,8087,3,165,17,93,115,0,120,-17,8041,-4,151,275
16.0767,2,98,8055,4,149,9,93,115,0,90,4,8052,-3,154,210
16.0768,30,100,8045,6,121,7,93,114,0,68,27,8052,-2,152,159
16.0928,-44,64,8121,5,86,5,93,114,0,58,45,8050,0,144,121
16.1089,0,74,8091,4,31,7,92,114,0,32,49,8067,1,129,92
16.109,26,80,8003,4,-20,7,92,114,0,24,55,8073,1,104,70
16.1247,42,98,8009,5,-26,8,92,115,0,24,61,8055,1,73,54
16.1407,-8,92,8027,-1,-32,8,92,115,0,28,70,8043,2,48,42
16.1407,22,56,8069,0,-60,8,92,116,0,19,75,8039,1,28,33
16.1568,-32,-6,8001,3,-89,-3,92,116,0,19,70,8046,0,6,26
16.1568,-610,-280,8115,3,-102,-2,92,116,0,6,51,8034,0,-18,18
16.1727,-826,-218,8153,3,-181,80,92,116,0,-148,-32,8054,0,-39,13
16.1887,-604,-40,8217,5,-302,204,92,117,0,-318,-79,8078,0,-75,29
16.1888,-726,-32,8391,2,-417,300,92,117,0,-390,-70,8112,1,-132,72
16.2047,-264,-218,8175,9,-580,375,92,119,0,-474,-61,8181,1,-204,129
16.2211,272,-336,7521,26,-670,396,92,119,0,-422,-101,8179,3,-298,190
16.2212,648,-628,7769,47,-534,339,93,121,0,-249,-160,8014,8,-391,241
16.2367,764,-514,8199,63,-399,174,93,121,0,-25,-277,7952,17,-427,265
16.2369,1150,-324,7901,53,-326,-138,93,124,0,172,-337,8013,28,-420,242
16.2527,1168,-210,7639,28,-190,-599,93,124,0,416,-334,7985,34,-397,147
16.2688,636,-242,7593,-1,32,-1182,93,124,0,604,-303,7898,32,-346,-40
16.2688,740,-372,7785,-27,247,-1641,93,124,0,612,-288,7821,23,-252,-326
16.2847,870,-284,7863,-34,428,-2054,92,122,0,644,-309,7812,10,-128,-655
16.3008,1252,-306,7937,-26,566,-2455,92,122,0,700,-303,7824,-1,11,-1005
16.3008,622,-202,7781,0,673,-2847,93,118,0,838,-304,7852,-8,149,-1368
16.3167,672,-240,8037,19,827,-3170,93,118,0,784,-279,7834,-6,280,-1738
16.3327,782,-280,8209,46,933,-3451,93,114,0,756,-270,7884,0,416,-2096
16.3329,472,-346,8863,73,857,-3749,93,114,0,762,-273,7965,11,545,-2435
16.3487,278,80,8467,118,528,-4083,91,110,0,689,-292,8189,26,623,-2764
16.3487,-124,174,8091,142,239,-4319,91,110,0,586,-199,8258,49,599,-3094
16.3647,-438,542,8017,155,157,-4433,91,108,0,408,-106,8216,72,509,-3401
16.381,-760,508,8013,167,130,-4426,91,108,0,196,56,8166,92,421,-3659
16.3811,-680,368,7903,159,65,-4320,90,111,0,-43,169,8127,110,348,-3851
16.3967,-634,150,8021,152,25,-4181,90,111,0,-203,218,8071,122,277,-3969
16.4128,-982,1118,7903,147,17,-4025,90,112,0,-311,201,8058,129,214,-4022
16.4128,-294,450,7959,143,39,-3776,90,112,0,-479,430,8019,133,164,-4023
16.4287,-374,186,8007,133,5,-3587,89,114,0,-433,435,8004,135,132,-3962
16.4288,-330,232,8021,123,-6,-3376,89,114,0,-419,372,8004,134,100,-3869
16.4447,-218,122,7989,117,-22,-3185,89,115,0,-397,337,8008,131,73,-3746
16.4607,-158,144,8133,112,-21,-3031,89,115,0,-353,283,8003,127,49,-3606
16.4608,-172,84,7937,109,-29,-2928,90,115,0,-305,248,8035,123,31,-3463
16.4767,-7092,1446,7829,98,-14,-2528,90,115,0,-272,207,8010,119,16,-3330
16.4927,1322,-472,8015,49,-21,-1459,90,115,0,-1977,516,7964,113,8,-3130
16.4927,1908,-78,8149,49,-11,-1432,90,115,0,-1153,269,7976,97,0,-2713
16.5088,-330,354,7867,60,-9,-1620,91,115,0,-388,182,8019,85,-3,-2393
16.5247,-884,196,7943,58,3,-1469,91,115,0,-374,225,7981,78,-5,-2200
16.5247,626,-14,8219,47,12,-1283,91,116,0,-502,217,7971,73,-3,-2018
16.5407,-2,380,7761,50,-12,-1268,91,116,0,-220,159,8033,66,0,-1835
16.5408,104,260,7969,45,4,-1153,91,115,0,-166,214,7965,62,-3,-1694
16.5568,2606,854,7523,40,-28,-984,91,115,0,-99,225,7966,57,-2,-1559
16.5727,-878,628,8003,43,-4,-804,92,116,0,577,382,7855,52,-9,-1416
16.5727,-108,220,7993,24,-3,-338,92,116,0,213,443,7892,49,-8,-1263
16.5887,-40,142,7995,15,-6,-99,92,116,0,132,387,7917,42,-7,-1032
16.6046,-44,112,8047,8,-7,-24,92,116,0,89,325,7936,35,-7,-799
16.6047,-6,112,8023,6,-3,-1,92,116,0,55,271,7963,28,-7,-606
16.6206,-60,120,8013,2,-1,7,92,116,0,39,231,7978,22,-6,-455
16.6368,-116,132,8009,3,0,7,92,116,0,14,203,7986,17,-5,-340
16.6368,-214,254,8009,-3,5,27,92,116,0,-19,185,7991,13,-4,-254
16.6527,-252,316,8023,-9,12,140,92,116,0,-68,202,7995,9,-2,-184
16.6528,-186,364,7975,-15,16,368,92,116,0,-114,230,8002,4,1,-103
16.6686,-346,580,7953,-23,6,607,92,115,0,-132,263,7995,-1,4,14
16.6848,-446,948,8089,-31,0,907,92,115,0,-186,342,7984,-7,4,162
16.6848,-330,834,7957,-38,4,1295,93,115,0,-251,493,8010,-13,3,348
16.7011,-446,1116,8045,-47,5,1643,93,115,0,-271,578,7996,-20,3,584
16.7166,-534,1116,8003,-62,8,1956,93,115,0,-315,712,8008,-27,3,848
16.7167,-312,276,8043,-71,2,2248,93,115,0,-370,813,8006,-36,4,1125
16.7328,-290,290,8259,-82,3,2539,94,115,0,-356,678,8015,-45,3,1405
16.7328,-176,374,8035,-92,2,2816,94,115,0,-340,581,8076,-55,3,1688
16.7491,-230,282,7937,-98,-8,3059,94,114,0,-299,529,8065,-65,2,1970
16.7646,-322,554,7731,-100,-6,3294,94,114,0,-282,467,8033,-74,-1,2242
16.7646,-586,366,8081,-117,15,3535,95,115,0,-292,488,7957,-81,-3,2505
16.7808,-414,404,7829,-123,22,3820,95,115,0,-366,457,7988,-90,1,2762
16.7969,-584,66,7849,-134,25,4108,95,115,0,-378,443,7948,-99,6,3026
16.7969,-410,-68,7935,-144,31,4344,95,114,0,-430,348,7923,-108,10,3296
16.8126,-462,-194,8215,-147,28,4480,95,114,0,-425,244,7926,-117,15,3558
16.8287,-388,-196,7995,-147,20,4531,96,114,0,-435,134,7998,-125,18,3788
16.8287,-412,-418,8105,-153,16,4563,96,114,0,-424,51,7997,-131,18,3973
16.8451,-406,-362,8021,-155,11,4544,97,114,0,-421,-67,8024,-137,17,4120
16.8451,-254,-430,8011,-147,9,4432,97,114,0,-418,-141,8023,-142,15,4226
16.8607,84,-396,7971,-139,6,4204,97,114,0,-377,-214,8020,-144,13,4277
16.8766,108,-606,7945,-128,6,3870,97,114,0,-262,-260,8007,-143,11,4258
16.8766,512,-674,7961,-110,19,3403,97,114,0,-170,-347,7991,-140,9,4161
16.8927,332,-742,8107,-95,22,2917,97,114,0,0,-429,7983,-133,11,3971
16.9089,782,-970,7985,-71,26,2355,97,115,0,83,-508,8014,-124,13,3707
16.9089,1440,-1038,8055,-40,30,1597,97,115,0,257,-624,8006,-111,16,3369
16.9246,836,-226,8009,-9,34,654,96,115,0,552,-728,8018,-94,19,2926
16.9408,1146,-486,8079,7,26,41,96,115,0,623,-603,8015,-73,22,2358
16.9408,1504,-910,8099,25,6,-507,96,115,0,753,-574,8031,-53,23,1778
16.9567,1730,-1078,7999,50,-17,-1248,96,115,0,940,-658,8048,-34,18,1206
16.9567,1446,-1034,8029,83,-12,-2224,95,116,0,1137,-763,8035,-13,9,592
16.9726,894,-784,7927,114,9,-3110,95,116,0,1214,-831,8033,11,3,-112
16.9889,276,-530,8157,136,9,-3878,93,116,0,1134,-820,8006,36,4,-862
16.9889,142,-424,7901,153,-4,-4467,93,116,0,919,-748,8043,61,5,-1616
17.0047,-300,-352,8051,168,-24,-4876,93,117,0,724,-667,8007,84,2,-2329
17.0206,-896,-232,8291,176,-29,-5135,93,117,0,468,-589,8018,105,-5,-2966
17.0207,-736,-164,7767,181,-32,-5290,91,118,0,127,-500,8086,122,-11,-3509
17.0366,-872,-126,7877,183,-36,-5342,91,118,0,-89,-416,8006,136,-17,-3955
17.0367,-946,-14,8045,181,-27,-5332,90,118,0,-285,-344,7973,147,-22,-4302
17.0527,-942,1034,7717,182,-40,-5293,90,118,0,-451,-262,7991,155,-24,-4560
17.0686,-846,482,8401,177,-31,-5125,90,118,0,-574,62,7922,161,-28,-4744
17.0687,-292,734,7959,174,-36,-4962,90,118,0,-642,167,8041,165,-29,-4840
17.0846,-11330,3632,7233,167,-30,-4566,90,118,0,-555,308,8020,167,-31,-4871
17.1006,-386,-102,8137,77,-15,-2362,90,118,0,-3249,1139,7823,167,-31,-4795
17.1007,2722,-222,7887,45,-9,-1317,90,118,0,-2534,828,7901,144,-27,-4187
17.1171,2050,456,7999,41,3,-1213,90,118,0,-1220,565,7897,119,-23,-3470
17.1328,1722,166,8149,45,2,-1257,92,118,0,-403,537,7922,99,-17,-2906
17.1329,742,108,7879,50,-5,-1321,92,118,0,128,444,7978,85,-13,-2494
17.1486,-1212,642,7987,46,-7,-1198,93,117,0,281,360,7953,76,-11,-2201
17.1486,-610,534,8017,23,-7,-565,93,117,0,-93,430,7961,68,-10,-1951
17.1647,888,-20,8045,4,-2,-72,92,117,0,-223,456,7975,56,-10,-1605
17.1806,-48,102,7975,3,4,-15,92,117,0,54,337,7992,43,-8,-1222
17.1807,-98,124,8013,1,3,0,93,117,0,28,278,7987,33,-5,-921
17.1966,-76,124,8033,0,1,8,93,117,0,-4,239,7993,25,-3,-691
17.2127,-96,150,8027,3,6,8,93,117,0,-22,210,8003,18,-2,-517
17.2127,-52,158,8005,5,5,9,93,117,0,-41,195,8009,14,0,-386
17.2286,-208,256,7995,4,5,33,93,116,0,-44,185,8008,11,1,-288
17.2287,-408,452,7979,-5,10,210,93,116,0,-85,202,8004,9,2,-208
17.2446,-424,482,8015,-17,10,578,93,116,0,-166,264,7997,5,4,-104
17.2607,-498,902,7947,-32,3,1051,93,116,0,-231,318,8001,-1,5,66
17.2607,360,1256,7933,-45,-12,1660,94,116,0,-298,464,7987,-9,4,312
17.2769,452,1000,8003,-64,-13,2098,94,116,0,-134,662,7973,-18,0,649
17.2927,524,486,7865,-65,-11,2210,94,116,0,12,746,7980,-30,-4,1011
17.2927,-58,128,8143,-65,1,2145,94,116,0,140,681,7951,-39,-6,1310
17.3086,84,154,8057,-65,17,2077,94,116,0,90,542,7999,-46,-5,1518
17.3248,-134,126,8107,-64,15,2097,94,116,0,88,445,8013,-51,0,1657
17.3249,-504,-146,7733,-64,8,2172,94,115,0,32,365,8036,-55,3,1767
17.3406,-574,-194,7867,-72,12,2264,94,115,0,-102,237,7960,-58,4,1868
17.3407,-672,-530,7619,-75,11,2361,94,115,0,-220,129,7936,-62,6,1967
17.3566,-542,-226,7989,-78,9,2443,94,115,0,-333,-36,7856,-66,7,2065
17.3728,108,-924,7861,-82,21,2419,95,115,0,-386,-84,7889,-69,7,2159
17.3729,430,-290,7237,-72,14,2246,95,115,0,-263,-294,7882,-73,10,2224
17.3886,538,-332,8017,-66,17,1974,96,115,0,-90,-293,7720,-73,11,2229
17.4046,314,-116,7971,-47,10,1557,96,115,0,67,-303,7794,-72,12,2165
17.4047,440,-296,8089,-37,13,1147,96,115,0,128,-257,7838,-66,11,2013
17.4206,548,-212,7921,-24,7,660,96,115,0,206,-267,7900,-59,11,1796
17.4366,-58,126,7991,-4,6,222,95,116,0,291,-254,7905,-51,10,1512
17.4366,-94,108,8045,0,0,60,95,116,0,203,-159,7926,-40,9,1189
17.4526,-32,108,7993,0,-6,22,94,116,0,128,-93,7955,-30,6,906
17.4527,-34,48,8005,2,-6,8,94,116,0,88,-43,7964,-23,3,685
17.4688,18,76,8017,1,-10,-12,94,116,0,57,-21,7974,-17,0,515
17.4846,-2,62,8029,3,-15,-79,94,116,0,47,3,7984,-13,-3,383
17.4847,100,0,8033,2,-37,-173,94,117,0,34,17,7995,-9,-6,267
17.5006,-124,156,7975,0,-41,-250,94,117,0,50,12,8004,-7,-14,157
17.5168,-138,100,8035,-3,-51,-246,94,117,0,6,48,7996,-6,-21,55
17.5168,-88,146,8049,-2,-44,-206,94,117,0,-30,61,8005,-6,-29,-21
17.5326,-114,128,8041,1,-39,-144,94,117,0,-45,82,8016,-5,-33,-68
17.5327,-102,138,7991,-1,-30,-77,94,117,0,-63,93,8022,-4,-35,-87
17.5486,30,84,8059,7,-1,-40,94,117,0,-73,104,8014,-4,-34,-85
17.5648,-40,78,8011,4,0,-45,94,117,0,-48,99,8025,-2,-26,-74
17.5648,-52,106,8029,1,-7,-38,94,117,0,-46,93,8021,-1,-20,-67
17.5806,-136,140,8055,4,-9,-12,94,117,0,-48,96,8023,-1,-17,-60
17.5966,-60,114,8019,2,-21,1,94,117,0,-70,107,8031,0,-15,-48
17.5967,-42,112,8019,1,-27,0,93,117,0,-68,108,8028,0,-17,-36
17.6128,188,-20,7973,4,-42,-15,93,117,0,-62,109,8025,0,-20,-27
17.6286,168,-106,8005,5,-40,-106,93,117,0,0,76,8012,1,-26,-24
17.6287,104,-32,7985,7,-31,-233,93,117,0,42,30,8010,2,-30,-45
17.6451,58,22,8035,13,-21,-346,93,117,0,57,14,8003,3,-31,-92
17.6452,-214,164,8049,14,-3,-391,93,117,0,57,16,8011,5,-29,-156
17.6608,-366,358,8043,14,2,-339,93,117,0,-11,53,8020,7,-23,-215
17.6767,-386,298,8045,12,7,-158,93,117,0,-100,129,8025,8,-17,-246
17.6767,-72,122,8035,8,5,-35,93,117,0,-172,171,8030,9,-11,-224
17.6927,-164,196,8011,8,3,4,93,117,0,-147,158,8031,8,-7,-177
17.7086,-536,420,8027,12,0,77,93,117,0,-152,167,8026,8,-5,-132
17.7087,-886,630,7969,7,-7,296,93,117,0,-248,230,8026,9,-4,-80
17.7246,-944,870,7925,-3,-6,675,93,117,0,-408,330,8011,8,-5,14
17.7247,-1094,952,7987,-20,0,1184,93,117,0,-542,465,7989,5,-6,179
17.7406,-1042,910,7945,-39,8,1753,93,117,0,-680,586,7988,-2,-5,430
17.7566,-1172,668,8049,-59,16,2345,93,117,0,-771,667,7977,-12,-2,760
17.7567,-816,566,8053,-76,47,2825,94,117,0,-872,667,7995,-24,2,1156
17.7726,-794,624,8007,-92,74,3253,94,117,0,-858,641,8009,-37,13,1573
17.7886,-488,420,8041,-110,97,3692,95,115,0,-842,636,8008,-51,28,1993
17.7887,-254,390,8039,-122,109,4112,95,115,0,-754,582,8016,-66,45,2417
17.8047,-92,212,8115,-138,89,4502,96,115,0,-629,534,8021,-80,61,2840
17.8206,162,-26,7963,-151,68,4810,96,115,0,-495,453,8044,-95,68,3255
17.8206,166,-208,8073,-165,55,5006,96,114,0,-331,333,8023,-109,68,3643
17.8366,24,-554,8113,-169,39,5054,96,114,0,-207,197,8035,-123,64,3983
17.8367,224,-740,8129,-159,49,4886,97,114,0,-150,9,8054,-135,57,4250
17.853,526,-1008,7905,-146,30,4444,97,114,0,-57,-179,8072,-141,55,4409
17.8686,7478,-4548,9465,-93,37,2936,98,115,0,88,-387,8030,-143,48,4417
17.8687,2318,-656,8103,-8,-20,438,98,115,0,1935,-1428,8388,-131,45,4046
17.8846,-492,244,8137,29,-7,-692,98,115,0,2030,-1235,8316,-101,28,3144
17.9008,-1132,346,8043,33,-32,-923,98,115,0,1399,-866,8271,-69,19,2185
17.9008,-608,164,8081,30,-54,-771,96,116,0,766,-563,8214,-44,6,1408
17.9166,-68,54,8167,28,-99,-647,96,116,0,422,-382,8180,-26,-9,863
17.9326,432,-152,8133,34,-147,-640,94,117,0,299,-273,8176,-13,-32,485
17.9326,736,-308,8091,38,-173,-766,94,117,0,332,-243,8165,-2,-61,203
17.9486,984,-564,8089,46,-190,-1036,94,117,0,433,-260,8146,8,-89,-40
17.9487,928,-728,8127,60,-191,-1481,94,117,0,570,-336,8131,17,-115,-289
17.9649,1064,-830,8131,75,-191,-2049,93,119,0,659,-434,8130,27,-134,-587
17.9805,1170,-838,8023,94,-227,-2697,93,119,0,760,-533,8130,39,-149,-953
17.9806,882,-932,8019,104,-239,-3522,92,120,0,862,-610,8103,52,-169,-1389
17.9968,622,-962,8009,121,-244,-4298,92,120,0,867,-691,8082,65,-187,-1923
18.0129,270,-1026,7821,132,-219,-5061,91,120,0,805,-759,8063,79,-202,-2517
18.0129,-206,-980,8213,141,-146,-5752,91,120,0,671,-826,8002,92,-207,-3153
18.0286,-76,-1112,7701,147,-126,-6293,91,122,0,451,-865,8054,104,-192,-3803
18.0286,-226,-1114,8027,150,-52,-6695,91,122,0,319,-927,7965,114,-176,-4426
18.0448,-350,-976,8125,154,-35,-6937,90,121,0,182,-974,7980,123,-145,-4994
18.0606,-278,-712,7787,161,-40,-7020,90,121,0,49,-975,8016,130,-118,-5480
18.0606,-24740,9994,6635,204,107,-5930,89,121,0,-33,-910,7958,137,-99,-5865
18.0766,1462,-424,9589,-55,291,-2179,89,121,0,-6210,1816,7627,153,-48,-5882
18.0928,1862,92,8539,11,292,-1176,89,120,0,-4292,1256,8117,101,36,-4957
18.0928,2308,252,7879,24,37,-1145,89,120,0,-2754,965,8222,78,100,-4012
18.1086,2088,522,8269,31,96,-1253,93,117,0,-1489,786,8136,64,84,-3296
18.1246,2358,732,8143,28,107,-1247,93,117,0,-595,720,8169,55,87,-2786
18.1246,2276,782,8097,28,98,-1131,94,117,0,143,723,8162,48,92,-2402
18.1405,1294,632,7957,28,69,-998,94,117,0,676,737,8145,43,93,-2085
18.1406,-290,274,8083,18,103,-869,94,116,0,830,710,8098,39,87,-1814
18.1566,-918,560,7919,18,106,-741,94,116,0,550,601,8094,33,91,-1578
18.1727,-1500,614,7945,8,124,-466,94,116,0,183,590,8050,29,94,-1369
18.1727,-264,204,8003,-4,122,-115,94,116,0,-238,596,8023,23,101,-1144
18.1886,-950,842,8137,-10,119,112,94,115,0,-245,498,8018,16,106,-887
18.2046,-898,1656,8069,-22,76,609,94,115,0,-422,584,8047,9,109,-638
18.2046,-1010,1838,8043,-47,52,1506,94,115,0,-541,852,8052,1,100,-327
18.2206,-932,1680,7943,-85,39,2721,94,115,0,-659,1098,8049,-11,88,131
18.2365,-1026,1358,8023,-117,44,3783,95,115,0,-728,1243,8022,-30,75,778
18.2365,-1014,776,8039,-150,40,4681,95,115,0,-803,1271,8022,-52,67,1529
18.2525,-928,218,7935,-172,57,5359,95,114,0,-856,1147,8026,-77,60,2317
18.2526,-934,234,8191,-186,53,5833,95,114,0,-874,914,8003,-101,59,3077
18.2686,-774,-162,8249,-197,50,6157,96,114,0,-889,744,8050,-123,57,3766
18.2846,-686,-564,7809,-202,38,6301,96,114,0,-861,517,8099,-142,55,4363
18.2846,-598,-780,7925,-198,42,6241,98,114,0,-818,246,8026,-157,50,4847
18.3006,-322,-950,8123,-192,31,5977,98,114,0,-763,-11,8000,-168,48,5195
18.3166,-98,-1150,7999,-182,36,5520,98,114,0,-653,-246,8030,-174,43,5390
18.3166,478,-1248,8021,-155,29,4868,98,114,0,-515,-472,8022,-176,41,5422
18.3326,902,-1290,8025,-126,26,4034,99,114,0,-267,-666,8021,-171,38,5283
18.3326,1842,-1480,8129,-93,16,3027,99,114,0,25,-822,8022,-160,35,4970
18.3486,2462,-1470,8147,-54,-7,1904,99,115,0,479,-987,8048,-144,30,4484
18.3646,1800,-596,7897,-19,-50,776,99,115,0,974,-1108,8072,-122,20,3839
18.3646,1218,-414,8235,7,-60,31,98,115,0,1180,-980,8028,-97,2,3073
18.3812,1984,-854,8133,29,-138,-605,98,115,0,1189,-839,8079,-71,-14,2312
18.3966,2236,-1272,8139,58,-200,-1476,97,117,0,1387,-843,8092,-46,-45,1582
18.3966,2124,-1312,8035,102,-244,-2629,97,117,0,1599,-951,8103,-20,-84,817
18.4126,1750,-1456,7919,137,-251,-4021,95,118,0,1730,-1042,8086,10,-124,-45
18.4288,1366,-1526,7887,164,-197,-5481,94,118,0,1735,-1146,8044,41,-156,-1039
18.4288,786,-1956,8145,187,-153,-6794,94,118,0,1642,-1241,8004,71,-167,-2150
18.4446,442,-2080,7863,216,-109,-7867,92,120,0,1428,-1420,8039,100,-164,-3311
18.4446,332,-2194,8075,229,-55,-8661,92,120,0,1181,-1585,7995,129,-151,-4450
18.4606,-12,-1882,8221,242,-59,-9156,90,121,0,968,-1738,8015,154,-127,-5503
18.4767,-168,-1412,8035,242,-89,-9268,90,121,0,723,-1774,8066,176,-110,-6417
18.4768,-32768,14158,7231,314,-15,-8037,89,121,0,500,-1684,8058,192,-105,-7130
18.4926,1734,-526,9043,-37,75,-2495,89,121,0,-7817,2276,7851,222,-83,-7357
18.5086,2642,450,8675,-11,291,-734,88,122,0,-5430,1575,8149,157,-44,-6142
18.5086,2872,1110,7889,4,47,-429,88,122,0,-3412,1293,8280,115,39,-4790
18.5247,2998,1398,8199,9,94,-258,93,118,0,-1841,1247,8182,87,41,-3700
18.5248,2896,1170,8013,-3,84,105,93,118,0,-632,1284,8186,67,54,-2840
18.5407,686,-118,8135,-8,168,167,94,118,0,250,1255,8142,49,61,-2104
18.5565,-128,160,8075,-11,158,45,94,118,0,359,911,8140,34,87,-1537
18.5566,-94,132,8017,-8,107,23,95,116,0,237,723,8123,22,104,-1142
18.5728,-426,792,8071,-1,71,59,95,116,0,154,575,8096,14,104,-851
18.5886,-654,1684,8001,-12,43,472,95,115,0,9,629,8089,10,95,-624
18.5886,-886,1762,7995,-40,28,1370,95,115,0,-157,892,8067,4,82,-350
18.6045,-820,1762,7679,-78,19,2472,95,115,0,-340,1109,8049,-7,68,80
18.6207,-1044,1304,8045,-116,38,3694,95,115,0,-460,1272,7956,-25,55,678
18.6208,-946,920,7973,-151,48,4651,96,116,0,-606,1280,7978,-48,50,1432
18.6366,-982,476,7905,-175,55,5445,96,116,0,-691,1190,7976,-74,49,2236
18.6366,-888,4,8009,-195,49,6031,97,115,0,-764,1011,7958,-100,50,3038
18.6525,-866,-470,7979,-210,45,6399,97,115,0,-795,759,7970,-124,49,3786
18.6687,-622,-776,7885,-216,39,6486,97,114,0,-813,451,7972,-146,48,4439
18.6688,-370,-840,7805,-205,24,6309,97,114,0,-766,144,7950,-164,45,4950
18.6846,-266,-962,7967,-194,24,5881,98,114,0,-667,-102,7913,-175,39,5289
18.7005,60,-994,8187,-171,29,5176,98,114,0,-567,-317,7926,-180,35,5437
18.7006,534,-1132,7959,-141,26,4380,99,114,0,-411,-487,7991,-178,33,5371
18.7165,1150,-1270,8043,-108,23,3418,99,114,0,-175,-649,7983,-169,31,5123
18.7325,2154,-1310,8037,-71,6,2308,99,115,0,156,-805,7998,-154,29,4696
18.7326,3058,-1118,8117,-31,-24,1132,99,115,0,655,-932,8007,-134,23,4099
18.7492,604,-136,8127,-3,-32,254,99,115,0,1255,-979,8034,-109,11,3357
18.7492,1468,-546,8107,15,-74,-225,99,115,0,1092,-769,8057,-83,0,2581
18.7647,1856,-872,8099,38,-126,-837,97,116,0,1186,-714,8069,-59,-19,1879
18.7806,2052,-1036,8045,76,-178,-1825,97,116,0,1353,-754,8076,-35,-46,1200
18.7806,1900,-1256,8021,110,-191,-2944,96,117,0,1527,-825,8068,-8,-79,443
18.7966,1540,-1536,7829,141,-179,-4176,96,117,0,1620,-933,8056,21,-107,-404
18.8125,978,-1696,7945,164,-145,-5421,94,119,0,1600,-1084,7999,51,-125,-1347
18.8126,692,-1840,8001,194,-136,-6527,94,119,0,1444,-1237,7985,79,-130,-2366
18.8285,300,-2012,8081,208,-89,-7406,92,120,0,1256,-1388,7989,107,-132,-3407
18.8286,76,-2048,8003,225,-64,-8062,92,120,0,1017,-1544,8012,132,-122,-4407
18.8446,-182,-1694,7971,238,-75,-8481,90,120,0,781,-1670,8009,155,-108,-5321
18.8605,-402,-1342,7963,245,-99,-8613,90,120,0,540,-1676,7999,175,-100,-6111
18.8606,-32768,13434,7131,289,11,-7306,90,121,0,304,-1593,7990,192,-100,-6737
18.8765,1662,-240,9287,-38,76,-2074,90,121,0,-7964,2163,7775,216,-73,-6880
18.8926,2562,708,8317,-17,203,-374,88,121,0,-5558,1562,8153,152,-36,-5679
18.8926,2944,1402,8333,-15,77,-5,88,121,0,-3528,1348,8194,109,23,-4353
18.9092,2796,1350,7865,-5,64,236,93,118,0,-1910,1361,8228,78,36,-3266
18.9245,2414,-270,7879,-12,91,516,93,118,0,-734,1358,8137,57,43,-2391
18.9246,1414,-444,8189,-16,141,364,96,118,0,53,951,8072,39,55,-1665
18.9405,-124,138,8093,-8,114,96,96,118,0,393,602,8101,25,76,-1158
18.9406,-52,114,8061,-2,72,33,96,116,0,263,486,8099,16,85,-845
18.9567,-416,584,8019,-2,58,40,96,116,0,184,393,8089,11,81,-626
18.9725,-660,1542,7975,-7,44,370,95,116,0,34,440,8071,7,75,-460
18.9725,-786,1636,7911,-35,29,1206,95,116,0,-140,715,8047,3,67,-253
18.9886,-916,1526,7999,-70,28,2247,95,115,0,-302,945,8013,-7,57,111
19.0048,-958,1310,8113,-103,27,3310,95,115,0,-456,1090,8009,-23,49,645
19.0048,-1016,770,8067,-139,37,4350,96,116,0,-582,1145,8035,-43,43,1311
19.0205,-870,314,8143,-167,65,5082,96,116,0,-691,1051,8043,-67,41,2070
19.0206,-682,-10,7821,-179,47,5589,97,115,0,-736,866,8068,-92,47,2823
19.0365,-694,-452,8159,-193,50,5895,97,115,0,-723,647,8006,-114,47,3514
19.0526,-484,-730,7931,-195,30,5949,97,115,0,-716,372,8044,-134,47,4109
19.0526,-334,-718,8033,-189,32,5745,97,115,0,-658,96,8015,-150,42,4569
19.0685,-88,-832,7941,-173,25,5346,100,115,0,-577,-108,8019,-160,39,4863
19.0846,70,-878,8207,-157,22,4722,100,115,0,-455,-289,7999,-164,35,4983
19.0846,804,-1006,8093,-126,17,3797,100,115,0,-324,-437,8051,-163,31,4917
19.1007,1156,-1296,8057,-88,9,2764,100,115,0,-42,-580,8061,-154,27,4637
19.1169,2408,-1258,8297,-48,-16,1607,100,115,0,257,-759,8060,-138,22,4168
19.117,462,-76,8101,-11,-41,531,100,115,0,794,-884,8119,-116,12,3527
19.1325,1164,-380,8149,9,-62,-28,99,115,0,711,-682,8114,-90,-2,2778
19.1326,1808,-812,8177,31,-108,-567,99,115,0,824,-607,8122,-66,-17,2076
19.1503,2188,-1208,8125,60,-184,-1487,98,117,0,1070,-659,8135,-42,-40,1415
19.1645,1932,-1132,8173,102,-206,-2754,98,117,0,1349,-797,8132,-17,-76,689
19.1645,1670,-1418,7811,148,-189,-4385,97,118,0,1494,-881,8142,12,-109,-172
19.1805,902,-1704,8015,183,-136,-5847,97,118,0,1538,-1016,8059,46,-129,-1226
19.1966,580,-2144,8149,200,-80,-6995,95,120,0,1379,-1188,8048,80,-131,-2382
19.1966,332,-1894,8371,218,-34,-7771,95,120,0,1179,-1427,8073,110,-119,-3536
19.2126,230,-1660,8253,233,-56,-8133,93,119,0,967,-1544,8147,137,-98,-4595
19.2285,-46,-1240,8131,235,-94,-8168,92,120,0,782,-1573,8173,161,-88,-5480
19.2286,-386,-586,7941,230,-88,-7969,92,120,0,575,-1490,8162,179,-90,-6152
19.2446,-22840,10156,5303,252,58,-5311,91,121,0,334,-1264,8106,191,-90,-6607
19.2447,2046,18,8983,-63,122,-657,91,121,0,-5460,1591,7405,206,-53,-6283
19.2605,2640,1222,8107,-25,120,301,90,120,0,-3584,1197,7799,138,-10,-4877
19.2767,2732,1204,8033,-23,75,610,90,120,0,-2028,1203,7876,97,22,-3583
19.2768,2444,-110,7881,-24,80,842,94,118,0,-838,1203,7915,67,35,-2535
19.2927,1636,-506,8137,-19,129,692,94,118,0,-18,874,7906,44,46,-1691
19.3086,458,-68,8047,-11,109,298,95,118,0,395,529,7963,28,66,-1096
19.3086,-52,102,8029,-2,84,87,95,118,0,410,379,7984,18,76,-748
19.3245,-54,132,8037,1,55,32,95,116,0,294,309,7995,13,78,-540
19.3246,-338,302,8075,4,46,25,95,116,0,207,264,8005,10,72,-397
19.3405,-670,1394,8041,-2,33,247,95,116,0,70,273,8022,8,65,-292
19.3565,-980,1604,8153,-31,22,1042,95,116,0,-115,553,8026,5,57,-158
19.3566,-986,1474,7953,-68,23,2162,95,117,0,-332,815,8057,-4,48,142
19.3725,-1136,936,7899,-106,39,3328,95,117,0,-496,979,8031,-20,41,647
19.3885,-946,638,7909,-140,42,4335,96,116,0,-656,968,7998,-42,40,1317
19.3886,-1052,222,8245,-168,54,5134,96,116,0,-729,885,7975,-67,40,2071
19.4045,-654,-118,7893,-188,45,5710,97,116,0,-810,719,8042,-93,43,2836
19.4205,-642,-484,7923,-197,44,5949,97,116,0,-771,509,8004,-117,43,3554
19.4206,-12,-638,7941,-193,42,5900,97,115,0,-739,260,7983,-137,43,4152
19.4365,0,-748,8007,-185,24,5567,97,115,0,-558,35,7972,-151,42,4589
19.4366,434,-830,7835,-162,18,4989,99,115,0,-419,-161,7980,-160,37,4833
19.4525,568,-772,8007,-137,15,4160,99,115,0,-206,-329,7943,-161,32,4872
19.4685,1150,-960,8035,-102,14,3146,99,115,0,-13,-440,7959,-155,27,4694
19.4686,1768,-1178,8185,-60,-6,2016,99,115,0,277,-570,7978,-142,23,4307
19.4846,1854,-564,7947,-19,-36,789,99,116,0,649,-722,8029,-122,15,3734
19.5005,652,-176,8077,2,-40,134,99,116,0,950,-683,8008,-97,2,2997
19.5005,1466,-552,8195,17,-73,-256,98,116,0,875,-557,8025,-73,-9,2281
19.5165,1950,-920,8295,38,-119,-876,98,116,0,1022,-556,8067,-51,-25,1646
19.5166,2120,-1134,8135,77,-191,-1889,96,117,0,1254,-647,8124,-29,-49,1015
19.5325,1908,-1474,8031,115,-210,-3203,96,117,0,1470,-769,8126,-3,-85,289
19.5485,1426,-1644,8153,151,-151,-4628,96,119,0,1579,-946,8102,26,-117,-584
19.5485,1092,-1850,7881,183,-133,-5938,96,119,0,1540,-1121,8114,57,-126,-1595
19.5645,646,-2092,7963,209,-73,-7030,94,119,0,1428,-1304,8055,88,-128,-2681
19.5805,308,-1778,8161,220,-57,-7635,94,119,0,1232,-1501,8032,118,-115,-3769
19.5806,150,-1442,8085,225,-75,-7834,92,120,0,1001,-1571,8064,143,-101,-4736
19.5965,-104,-754,7915,225,-91,-7717,92,120,0,788,-1539,8069,163,-95,-5511
19.6125,-29034,10750,7249,244,-12,-6842,90,121,0,565,-1343,8030,178,-94,-6063
19.6125,-88,124,8331,10,73,-1964,90,121,0,-6835,1680,7834,194,-74,-6258
19.6287,2354,898,8173,-25,141,51,89,121,0,-5149,1291,7958,148,-38,-5185
19.6287,2558,1676,8281,-28,71,611,89,121,0,-3274,1192,8011,104,6,-3876
19.6448,2414,196,7957,-26,73,933,94,118,0,-1816,1313,8078,71,22,-2755
19.6605,1788,-444,8015,-24,111,839,94,118,0,-759,1033,8047,46,34,-1833
19.6605,1110,-306,8165,-19,128,489,96,118,0,-123,663,8039,28,53,-1165
19.6767,-26,118,8095,-11,103,165,96,118,0,185,420,8070,16,71,-752
19.6926,-116,96,8051,-5,74,55,96,116,0,132,344,8076,9,79,-523
19.6926,-506,702,8081,-2,57,68,96,116,0,70,282,8069,5,77,-379
19.7085,-922,1406,8075,-14,44,493,96,116,0,-74,387,8072,3,72,-268
19.7246,-836,1512,7939,-40,35,1390,96,116,0,-286,641,8072,-2,65,-78
19.7247,-908,1266,7995,-84,26,2551,97,116,0,-424,858,8038,-12,57,289
19.7409,-954,958,7925,-115,32,3494,97,116,0,-545,960,8027,-30,49,854
19.741,-652,636,7887,-137,35,4206,97,116,0,-648,959,8001,-52,44,1514
19.7565,-770,152,7851,-153,29,4698,97,116,0,-649,878,7972,-74,41,2187
19.7725,-622,-48,8093,-158,41,4962,98,116,0,-680,696,7941,-94,38,2814
19.7725,-498,-430,7893,-161,31,5037,98,116,0,-666,510,7979,-110,38,3351
19.7885,-154,-618,7961,-158,28,4910,98,115,0,-624,275,7957,-123,36,3772
19.8045,116,-850,7935,-147,18,4529,98,115,0,-507,51,7958,-132,34,4056
19.8045,-36,-870,7983,-129,13,3966,99,115,0,-352,-175,7952,-136,30,4174
19.8208,694,-1184,8029,-104,11,3229,99,115,0,-273,-349,7959,-135,25,4122
19.8209,1550,-1220,8119,-71,-1,2315,99,115,0,-32,-558,7976,-128,21,3898
19.8366,2756,-1024,8177,-35,-25,1300,99,115,0,363,-724,8011,-114,15,3502
19.8536,-88,116,8123,-6,-27,400,99,116,0,961,-799,8052,-95,5,2951
19.8537,652,-232,8199,6,-59,26,99,116,0,698,-571,8069,-73,-3,2313
19.8685,1788,-790,8243,22,-116,-327,98,117,0,686,-487,8101,-54,-17,1741
19.8846,2430,-1310,8213,52,-201,-1216,98,117,0,961,-563,8136,-35,-42,1224
19.8846,2058,-1416,7975,97,-233,-2566,97,117,0,1328,-750,8155,-14,-82,614
19.9005,1472,-1498,7853,137,-190,-4136,97,117,0,1510,-917,8110,13,-120,-181
19.9165,1136,-1696,7771,165,-108,-5525,95,119,0,1500,-1063,8045,44,-138,-1170
19.9165,684,-1968,8239,183,-45,-6535,95,119,0,1409,-1222,7976,74,-131,-2259
19.9325,512,-1538,7893,205,-50,-7144,93,120,0,1227,-1409,8041,101,-110,-3328
19.9326,296,-966,7947,211,-59,-7344,93,120,0,1048,-1442,8004,127,-95,-4282
19.9485,-136,-118,8427,205,-52,-7172,92,120,0,860,-1323,7989,148,-86,-5048
19.9645,-21390,8556,7525,205,-59,-6432,92,120,0,611,-1022,8098,162,-78,-5579
19.9645,-3678,3376,7257,49,91,-1898,91,121,0,-4890,1372,7954,172,-74,-5793
19.9805,2242,556,8131,-60,179,875,91,121,0,-4587,1873,7779,141,-33,-4820
19.9965,1822,-48,7833,-67,132,1613,92,119,0,-2880,1543,7867,90,20,-3397
19.9965,628,-34,8089,-59,193,1705,92,119,0,-1705,1145,7858,50,48,-2145
20.0127,136,254,8119,-58,164,1670,95,118,0,-1122,850,7915,22,84,-1183
