
Efinix Static Timing Analysis Report
Version: 2025.2.288.2.10
Date: Sat Aug  8 22:40:52 2026

Copyright (C) 2013 - 2025 Efinix, Inc. All rights reserved.

Top-level Entity Name: Staj_Projesi

SDC Filename: /home/omer-ahin/STAJ/Staj_Projesi/custom.sdc         
              /home/omer-ahin/STAJ/Staj_Projesi/Staj_Projesi.pt.sdc

Timing Model: C2
	temperature : 0C to 85C
	voltage : 1.1V +/-50mV
	speedgrade : 2
	technology : s40ll
	status : final

---------- Table of Contents (begin) ----------
   1. Clock Frequency Summary
   2. Clock Relationship Summary
   3. Path Details for Max Critical Paths
   4. Path Details for Min Critical Paths
---------- Table of Contents (end) ------------

---------- 1. Clock Frequency Summary (begin) ----------

User target constrained clocks
 Clock Name  Period (ns)  Frequency (MHz)    Waveform      Targets
   clk_i        30.303        33.000      {0.000 15.151}   {clk_i}

Maximum possible analyzed clocks frequency
 Clock Name  Period (ns)  Frequency (MHz)     Edge
   clk_i        27.632        36.190         (R-R)

Geomean max period: 27.632

---------- Clock Frequency Summary (end) ---------------

---------- 2. Clock Relationship Summary (begin) ----------

Setup (Max) Clock Relationship
  Launch Clock    Capture Clock   Constraint (ns)     Slack (ns)          Edge
     clk_i            clk_i            30.303           2.671            (R-R)

Hold (Min) Clock Relationship
  Launch Clock    Capture Clock   Constraint (ns)     Slack (ns)          Edge
     clk_i            clk_i            0.000            0.401            (R-R)

NOTE: Values are in nanoseconds.

---------- Clock Relationship Summary (end) ---------------

---------- 3. Path Details for Max Critical Paths (begin) ----------

################################################################################
Path Detail Report (clk_i vs clk_i)
################################################################################


++++ Path 1 ++++++++++++++++++++++++++++++++++++++++++++++++++++++++++++++++++++

Path Begin    : dps_value_sig[7]~FF|CLK             
Path End      : u_Motor_Control/angle_pool[20]~FF|D 
Launch Clock  : clk_i (RISE)                        
Capture Clock : clk_i (RISE)                        
Slack         : 2.671 (required time - arrival time)
Delay         : 26.458                              

Logic Level             : 8
Non-global nets on path : 8
Global nets on path     : 0

Launch Clock Path Delay        :  7.006
+ Clock To Q + Data Path Delay : 27.492
---------------------------------------
End-of-path arrival time       : 34.498

Constraint                     : 30.303
+ Capture Clock Path Delay     :  7.006
- Clock Uncertainty            :  0.140
---------------------------------------
End-of-path required time      : 37.169

Launch Clock Path
         name            model name   delay (ns)  cumulative delay (ns) pins on net    location
=================================================================================================
clk_i                      inpad        0.000             0.000                0       (0,102) 
clk_i                      inpad        0.420             0.420                2       (0,102) 
clk_i                      net          3.268             3.688                2       (0,102) 
   Routing elements:
      Manhattan distance of X:1, Y:24
CLKBUF__0|I                gbuf         3.318             7.006                2       (1,78)  
CLKBUF__0|O                gbuf         0.000             7.006             1032       (1,78)  
clk_i~O                    net          0.000             7.006             1032       (1,78)  
dps_value_sig[7]~FF|CLK    ff           0.000             7.006             1032       (25,108)

Data Path
               name                  model name   delay (ns)  cumulative delay (ns) pins on net    location
=============================================================================================================
dps_value_sig[7]~FF|Q                   ff          0.650             0.650               3        (25,108)
dps_value_sig[7]                        net         4.586             5.236               3        (25,108)
   Routing elements:
      Manhattan distance of X:9, Y:25
LUT__5719|in[0]                         lut         0.000             5.236               3        (34,133)
LUT__5719|out                           lut         0.000             5.236              13        (34,133)
n2590                                   net         3.389             8.625              13        (34,133)
   Routing elements:
      Manhattan distance of X:9, Y:2
LUT__5724|in[0]                         lut         0.000             8.625              13        (43,135)
LUT__5724|out                           lut         0.000             8.625              15        (43,135)
n2595                                   net         3.853            12.478              15        (43,135)
   Routing elements:
      Manhattan distance of X:5, Y:3
LUT__5739|in[3]                         lut         0.000            12.478              15        (48,138)
LUT__5739|out                           lut         0.000            12.478               3        (48,138)
n2610                                   net         2.793            15.271               3        (48,138)
   Routing elements:
      Manhattan distance of X:2, Y:1
LUT__5744|in[2]                         lut         0.000            15.271               3        (46,139)
LUT__5744|out                           lut         0.000            15.271               4        (46,139)
n2615                                   net         2.568            17.839               4        (46,139)
   Routing elements:
      Manhattan distance of X:0, Y:7
LUT__5769|in[0]                         lut         0.000            17.839               4        (46,132)
LUT__5769|out                           lut         0.000            17.839              10        (46,132)
n2640                                   net         2.852            20.691              10        (46,132)
   Routing elements:
      Manhattan distance of X:4, Y:10
LUT__5770|in[3]                         lut         0.000            20.691              10        (50,142)
LUT__5770|out                           lut         0.000            20.691              33        (50,142)
n2641                                   net         4.745            25.436              33        (50,142)
   Routing elements:
      Manhattan distance of X:19, Y:8
LUT__5883|in[0]                         lut         0.000            25.436              33        (31,150)
LUT__5883|out                           lut         0.000            25.436               2        (31,150)
n2731                                   net         1.672            27.108               2        (31,150)
   Routing elements:
      Manhattan distance of X:0, Y:3
LUT__5885|in[0]                         lut         0.000            27.108               2        (31,147)
LUT__5885|out                           lut         0.000            27.108               2        (31,147)
u_Motor_Control/angle_pool[20]~FF|D     ff          0.384            27.492               2        (31,147)

Capture Clock Path
                name                   model name   delay (ns)  cumulative delay (ns) pins on net    location
===============================================================================================================
clk_i                                    inpad        0.000             0.000                0       (0,102) 
clk_i                                    inpad        0.420             0.420                2       (0,102) 
clk_i                                    net          3.268             3.688                2       (0,102) 
   Routing elements:
      Manhattan distance of X:1, Y:24
CLKBUF__0|I                              gbuf         3.318             7.006                2       (1,78)  
CLKBUF__0|O                              gbuf         0.000             7.006             1032       (1,78)  
clk_i~O                                  net          0.000             7.006             1032       (1,78)  
u_Motor_Control/angle_pool[20]~FF|CLK    ff           0.000             7.006             1032       (31,147)

++++ Path 2 ++++++++++++++++++++++++++++++++++++++++++++++++++++++++++++++++++++

Path Begin    : dps_value_sig[5]~FF|CLK             
Path End      : u_Motor_Control/angle_pool[20]~FF|D 
Launch Clock  : clk_i (RISE)                        
Capture Clock : clk_i (RISE)                        
Slack         : 2.778 (required time - arrival time)
Delay         : 26.351                              

Logic Level             : 8
Non-global nets on path : 8
Global nets on path     : 0

Launch Clock Path Delay        :  7.006
+ Clock To Q + Data Path Delay : 27.385
---------------------------------------
End-of-path arrival time       : 34.391

Constraint                     : 30.303
+ Capture Clock Path Delay     :  7.006
- Clock Uncertainty            :  0.140
---------------------------------------
End-of-path required time      : 37.169

Launch Clock Path
         name            model name   delay (ns)  cumulative delay (ns) pins on net    location
=================================================================================================
clk_i                      inpad        0.000             0.000                0       (0,102)
clk_i                      inpad        0.420             0.420                2       (0,102)
clk_i                      net          3.268             3.688                2       (0,102)
   Routing elements:
      Manhattan distance of X:1, Y:24
CLKBUF__0|I                gbuf         3.318             7.006                2       (1,78) 
CLKBUF__0|O                gbuf         0.000             7.006             1032       (1,78) 
clk_i~O                    net          0.000             7.006             1032       (1,78) 
dps_value_sig[5]~FF|CLK    ff           0.000             7.006             1032       (35,94)

Data Path
               name                  model name   delay (ns)  cumulative delay (ns) pins on net    location
=============================================================================================================
dps_value_sig[5]~FF|Q                   ff          0.650             0.650               3        (35,94) 
dps_value_sig[5]                        net         4.479             5.129               3        (35,94) 
   Routing elements:
      Manhattan distance of X:1, Y:39
LUT__5719|in[2]                         lut         0.000             5.129               3        (34,133)
LUT__5719|out                           lut         0.000             5.129              13        (34,133)
n2590                                   net         3.389             8.518              13        (34,133)
   Routing elements:
      Manhattan distance of X:9, Y:2
LUT__5724|in[0]                         lut         0.000             8.518              13        (43,135)
LUT__5724|out                           lut         0.000             8.518              15        (43,135)
n2595                                   net         3.853            12.371              15        (43,135)
   Routing elements:
      Manhattan distance of X:5, Y:3
LUT__5739|in[3]                         lut         0.000            12.371              15        (48,138)
LUT__5739|out                           lut         0.000            12.371               3        (48,138)
n2610                                   net         2.793            15.164               3        (48,138)
   Routing elements:
      Manhattan distance of X:2, Y:1
LUT__5744|in[2]                         lut         0.000            15.164               3        (46,139)
LUT__5744|out                           lut         0.000            15.164               4        (46,139)
n2615                                   net         2.568            17.732               4        (46,139)
   Routing elements:
      Manhattan distance of X:0, Y:7
LUT__5769|in[0]                         lut         0.000            17.732               4        (46,132)
LUT__5769|out                           lut         0.000            17.732              10        (46,132)
n2640                                   net         2.852            20.584              10        (46,132)
   Routing elements:
      Manhattan distance of X:4, Y:10
LUT__5770|in[3]                         lut         0.000            20.584              10        (50,142)
LUT__5770|out                           lut         0.000            20.584              33        (50,142)
n2641                                   net         4.745            25.329              33        (50,142)
   Routing elements:
      Manhattan distance of X:19, Y:8
LUT__5883|in[0]                         lut         0.000            25.329              33        (31,150)
LUT__5883|out                           lut         0.000            25.329               2        (31,150)
n2731                                   net         1.672            27.001               2        (31,150)
   Routing elements:
      Manhattan distance of X:0, Y:3
LUT__5885|in[0]                         lut         0.000            27.001               2        (31,147)
LUT__5885|out                           lut         0.000            27.001               2        (31,147)
u_Motor_Control/angle_pool[20]~FF|D     ff          0.384            27.385               2        (31,147)

Capture Clock Path
                name                   model name   delay (ns)  cumulative delay (ns) pins on net    location
===============================================================================================================
clk_i                                    inpad        0.000             0.000                0       (0,102) 
clk_i                                    inpad        0.420             0.420                2       (0,102) 
clk_i                                    net          3.268             3.688                2       (0,102) 
   Routing elements:
      Manhattan distance of X:1, Y:24
CLKBUF__0|I                              gbuf         3.318             7.006                2       (1,78)  
CLKBUF__0|O                              gbuf         0.000             7.006             1032       (1,78)  
clk_i~O                                  net          0.000             7.006             1032       (1,78)  
u_Motor_Control/angle_pool[20]~FF|CLK    ff           0.000             7.006             1032       (31,147)

++++ Path 3 ++++++++++++++++++++++++++++++++++++++++++++++++++++++++++++++++++++

Path Begin    : dps_value_sig[7]~FF|CLK             
Path End      : u_Motor_Control/angle_pool[17]~FF|D 
Launch Clock  : clk_i (RISE)                        
Capture Clock : clk_i (RISE)                        
Slack         : 2.866 (required time - arrival time)
Delay         : 26.263                              

Logic Level             : 8
Non-global nets on path : 8
Global nets on path     : 0

Launch Clock Path Delay        :  7.006
+ Clock To Q + Data Path Delay : 27.297
---------------------------------------
End-of-path arrival time       : 34.303

Constraint                     : 30.303
+ Capture Clock Path Delay     :  7.006
- Clock Uncertainty            :  0.140
---------------------------------------
End-of-path required time      : 37.169

Launch Clock Path
         name            model name   delay (ns)  cumulative delay (ns) pins on net    location
=================================================================================================
clk_i                      inpad        0.000             0.000                0       (0,102) 
clk_i                      inpad        0.420             0.420                2       (0,102) 
clk_i                      net          3.268             3.688                2       (0,102) 
   Routing elements:
      Manhattan distance of X:1, Y:24
CLKBUF__0|I                gbuf         3.318             7.006                2       (1,78)  
CLKBUF__0|O                gbuf         0.000             7.006             1032       (1,78)  
clk_i~O                    net          0.000             7.006             1032       (1,78)  
dps_value_sig[7]~FF|CLK    ff           0.000             7.006             1032       (25,108)

Data Path
               name                  model name   delay (ns)  cumulative delay (ns) pins on net    location
=============================================================================================================
dps_value_sig[7]~FF|Q                   ff          0.650             0.650               3        (25,108)
dps_value_sig[7]                        net         4.586             5.236               3        (25,108)
   Routing elements:
      Manhattan distance of X:9, Y:25
LUT__5719|in[0]                         lut         0.000             5.236               3        (34,133)
LUT__5719|out                           lut         0.000             5.236              13        (34,133)
n2590                                   net         3.389             8.625              13        (34,133)
   Routing elements:
      Manhattan distance of X:9, Y:2
LUT__5724|in[0]                         lut         0.000             8.625              13        (43,135)
LUT__5724|out                           lut         0.000             8.625              15        (43,135)
n2595                                   net         3.853            12.478              15        (43,135)
   Routing elements:
      Manhattan distance of X:5, Y:3
LUT__5739|in[3]                         lut         0.000            12.478              15        (48,138)
LUT__5739|out                           lut         0.000            12.478               3        (48,138)
n2610                                   net         2.793            15.271               3        (48,138)
   Routing elements:
      Manhattan distance of X:2, Y:1
LUT__5744|in[2]                         lut         0.000            15.271               3        (46,139)
LUT__5744|out                           lut         0.000            15.271               4        (46,139)
n2615                                   net         2.568            17.839               4        (46,139)
   Routing elements:
      Manhattan distance of X:0, Y:7
LUT__5769|in[0]                         lut         0.000            17.839               4        (46,132)
LUT__5769|out                           lut         0.000            17.839              10        (46,132)
n2640                                   net         2.852            20.691              10        (46,132)
   Routing elements:
      Manhattan distance of X:4, Y:10
LUT__5770|in[3]                         lut         0.000            20.691              10        (50,142)
LUT__5770|out                           lut         0.000            20.691              33        (50,142)
n2641                                   net         4.793            25.484              33        (50,142)
   Routing elements:
      Manhattan distance of X:15, Y:4
LUT__5874|in[2]                         lut         0.000            25.484              33        (35,146)
LUT__5874|out                           lut         0.000            25.484               2        (35,146)
n2725                                   net         1.429            26.913               2        (35,146)
   Routing elements:
      Manhattan distance of X:0, Y:3
LUT__5876|in[2]                         lut         0.000            26.913               2        (35,149)
LUT__5876|out                           lut         0.000            26.913               2        (35,149)
u_Motor_Control/angle_pool[17]~FF|D     ff          0.384            27.297               2        (35,149)

Capture Clock Path
                name                   model name   delay (ns)  cumulative delay (ns) pins on net    location
===============================================================================================================
clk_i                                    inpad        0.000             0.000                0       (0,102) 
clk_i                                    inpad        0.420             0.420                2       (0,102) 
clk_i                                    net          3.268             3.688                2       (0,102) 
   Routing elements:
      Manhattan distance of X:1, Y:24
CLKBUF__0|I                              gbuf         3.318             7.006                2       (1,78)  
CLKBUF__0|O                              gbuf         0.000             7.006             1032       (1,78)  
clk_i~O                                  net          0.000             7.006             1032       (1,78)  
u_Motor_Control/angle_pool[17]~FF|CLK    ff           0.000             7.006             1032       (35,149)

++++ Path 4 ++++++++++++++++++++++++++++++++++++++++++++++++++++++++++++++++++++

Path Begin    : dps_value_sig[5]~FF|CLK             
Path End      : u_Motor_Control/angle_pool[17]~FF|D 
Launch Clock  : clk_i (RISE)                        
Capture Clock : clk_i (RISE)                        
Slack         : 2.973 (required time - arrival time)
Delay         : 26.156                              

Logic Level             : 8
Non-global nets on path : 8
Global nets on path     : 0

Launch Clock Path Delay        :  7.006
+ Clock To Q + Data Path Delay : 27.190
---------------------------------------
End-of-path arrival time       : 34.196

Constraint                     : 30.303
+ Capture Clock Path Delay     :  7.006
- Clock Uncertainty            :  0.140
---------------------------------------
End-of-path required time      : 37.169

Launch Clock Path
         name            model name   delay (ns)  cumulative delay (ns) pins on net    location
=================================================================================================
clk_i                      inpad        0.000             0.000                0       (0,102)
clk_i                      inpad        0.420             0.420                2       (0,102)
clk_i                      net          3.268             3.688                2       (0,102)
   Routing elements:
      Manhattan distance of X:1, Y:24
CLKBUF__0|I                gbuf         3.318             7.006                2       (1,78) 
CLKBUF__0|O                gbuf         0.000             7.006             1032       (1,78) 
clk_i~O                    net          0.000             7.006             1032       (1,78) 
dps_value_sig[5]~FF|CLK    ff           0.000             7.006             1032       (35,94)

Data Path
               name                  model name   delay (ns)  cumulative delay (ns) pins on net    location
=============================================================================================================
dps_value_sig[5]~FF|Q                   ff          0.650             0.650               3        (35,94) 
dps_value_sig[5]                        net         4.479             5.129               3        (35,94) 
   Routing elements:
      Manhattan distance of X:1, Y:39
LUT__5719|in[2]                         lut         0.000             5.129               3        (34,133)
LUT__5719|out                           lut         0.000             5.129              13        (34,133)
n2590                                   net         3.389             8.518              13        (34,133)
   Routing elements:
      Manhattan distance of X:9, Y:2
LUT__5724|in[0]                         lut         0.000             8.518              13        (43,135)
LUT__5724|out                           lut         0.000             8.518              15        (43,135)
n2595                                   net         3.853            12.371              15        (43,135)
   Routing elements:
      Manhattan distance of X:5, Y:3
LUT__5739|in[3]                         lut         0.000            12.371              15        (48,138)
LUT__5739|out                           lut         0.000            12.371               3        (48,138)
n2610                                   net         2.793            15.164               3        (48,138)
   Routing elements:
      Manhattan distance of X:2, Y:1
LUT__5744|in[2]                         lut         0.000            15.164               3        (46,139)
LUT__5744|out                           lut         0.000            15.164               4        (46,139)
n2615                                   net         2.568            17.732               4        (46,139)
   Routing elements:
      Manhattan distance of X:0, Y:7
LUT__5769|in[0]                         lut         0.000            17.732               4        (46,132)
LUT__5769|out                           lut         0.000            17.732              10        (46,132)
n2640                                   net         2.852            20.584              10        (46,132)
   Routing elements:
      Manhattan distance of X:4, Y:10
LUT__5770|in[3]                         lut         0.000            20.584              10        (50,142)
LUT__5770|out                           lut         0.000            20.584              33        (50,142)
n2641                                   net         4.793            25.377              33        (50,142)
   Routing elements:
      Manhattan distance of X:15, Y:4
LUT__5874|in[2]                         lut         0.000            25.377              33        (35,146)
LUT__5874|out                           lut         0.000            25.377               2        (35,146)
n2725                                   net         1.429            26.806               2        (35,146)
   Routing elements:
      Manhattan distance of X:0, Y:3
LUT__5876|in[2]                         lut         0.000            26.806               2        (35,149)
LUT__5876|out                           lut         0.000            26.806               2        (35,149)
u_Motor_Control/angle_pool[17]~FF|D     ff          0.384            27.190               2        (35,149)

Capture Clock Path
                name                   model name   delay (ns)  cumulative delay (ns) pins on net    location
===============================================================================================================
clk_i                                    inpad        0.000             0.000                0       (0,102) 
clk_i                                    inpad        0.420             0.420                2       (0,102) 
clk_i                                    net          3.268             3.688                2       (0,102) 
   Routing elements:
      Manhattan distance of X:1, Y:24
CLKBUF__0|I                              gbuf         3.318             7.006                2       (1,78)  
CLKBUF__0|O                              gbuf         0.000             7.006             1032       (1,78)  
clk_i~O                                  net          0.000             7.006             1032       (1,78)  
u_Motor_Control/angle_pool[17]~FF|CLK    ff           0.000             7.006             1032       (35,149)

++++ Path 5 ++++++++++++++++++++++++++++++++++++++++++++++++++++++++++++++++++++

Path Begin    : dps_value_sig[7]~FF|CLK             
Path End      : u_Motor_Control/angle_pool[4]~FF|D  
Launch Clock  : clk_i (RISE)                        
Capture Clock : clk_i (RISE)                        
Slack         : 3.001 (required time - arrival time)
Delay         : 26.128                              

Logic Level             : 8
Non-global nets on path : 8
Global nets on path     : 0

Launch Clock Path Delay        :  7.006
+ Clock To Q + Data Path Delay : 27.162
---------------------------------------
End-of-path arrival time       : 34.168

Constraint                     : 30.303
+ Capture Clock Path Delay     :  7.006
- Clock Uncertainty            :  0.140
---------------------------------------
End-of-path required time      : 37.169

Launch Clock Path
         name            model name   delay (ns)  cumulative delay (ns) pins on net    location
=================================================================================================
clk_i                      inpad        0.000             0.000                0       (0,102) 
clk_i                      inpad        0.420             0.420                2       (0,102) 
clk_i                      net          3.268             3.688                2       (0,102) 
   Routing elements:
      Manhattan distance of X:1, Y:24
CLKBUF__0|I                gbuf         3.318             7.006                2       (1,78)  
CLKBUF__0|O                gbuf         0.000             7.006             1032       (1,78)  
clk_i~O                    net          0.000             7.006             1032       (1,78)  
dps_value_sig[7]~FF|CLK    ff           0.000             7.006             1032       (25,108)

Data Path
               name                 model name   delay (ns)  cumulative delay (ns) pins on net    location
============================================================================================================
dps_value_sig[7]~FF|Q                  ff          0.650             0.650               3        (25,108)
dps_value_sig[7]                       net         4.586             5.236               3        (25,108)
   Routing elements:
      Manhattan distance of X:9, Y:25
LUT__5719|in[0]                        lut         0.000             5.236               3        (34,133)
LUT__5719|out                          lut         0.000             5.236              13        (34,133)
n2590                                  net         3.389             8.625              13        (34,133)
   Routing elements:
      Manhattan distance of X:9, Y:2
LUT__5724|in[0]                        lut         0.000             8.625              13        (43,135)
LUT__5724|out                          lut         0.000             8.625              15        (43,135)
n2595                                  net         3.853            12.478              15        (43,135)
   Routing elements:
      Manhattan distance of X:5, Y:3
LUT__5739|in[3]                        lut         0.000            12.478              15        (48,138)
LUT__5739|out                          lut         0.000            12.478               3        (48,138)
n2610                                  net         2.793            15.271               3        (48,138)
   Routing elements:
      Manhattan distance of X:2, Y:1
LUT__5744|in[2]                        lut         0.000            15.271               3        (46,139)
LUT__5744|out                          lut         0.000            15.271               4        (46,139)
n2615                                  net         2.568            17.839               4        (46,139)
   Routing elements:
      Manhattan distance of X:0, Y:7
LUT__5769|in[0]                        lut         0.000            17.839               4        (46,132)
LUT__5769|out                          lut         0.000            17.839              10        (46,132)
n2640                                  net         2.852            20.691              10        (46,132)
   Routing elements:
      Manhattan distance of X:4, Y:10
LUT__5770|in[3]                        lut         0.000            20.691              10        (50,142)
LUT__5770|out                          lut         0.000            20.691              33        (50,142)
n2641                                  net         3.469            24.160              33        (50,142)
   Routing elements:
      Manhattan distance of X:2, Y:10
LUT__5803|in[3]                        lut         0.000            24.160              33        (48,132)
LUT__5803|out                          lut         0.000            24.160               2        (48,132)
n2671                                  net         2.618            26.778               2        (48,132)
   Routing elements:
      Manhattan distance of X:7, Y:0
LUT__5805|in[2]                        lut         0.000            26.778               2        (41,132)
LUT__5805|out                          lut         0.000            26.778               2        (41,132)
u_Motor_Control/angle_pool[4]~FF|D     ff          0.384            27.162               2        (41,132)

Capture Clock Path
                name                  model name   delay (ns)  cumulative delay (ns) pins on net    location
==============================================================================================================
clk_i                                   inpad        0.000             0.000                0       (0,102) 
clk_i                                   inpad        0.420             0.420                2       (0,102) 
clk_i                                   net          3.268             3.688                2       (0,102) 
   Routing elements:
      Manhattan distance of X:1, Y:24
CLKBUF__0|I                             gbuf         3.318             7.006                2       (1,78)  
CLKBUF__0|O                             gbuf         0.000             7.006             1032       (1,78)  
clk_i~O                                 net          0.000             7.006             1032       (1,78)  
u_Motor_Control/angle_pool[4]~FF|CLK    ff           0.000             7.006             1032       (41,132)

++++ Path 6 ++++++++++++++++++++++++++++++++++++++++++++++++++++++++++++++++++++

Path Begin    : dps_value_sig[2]~FF|CLK             
Path End      : u_Motor_Control/angle_pool[20]~FF|D 
Launch Clock  : clk_i (RISE)                        
Capture Clock : clk_i (RISE)                        
Slack         : 3.028 (required time - arrival time)
Delay         : 26.101                              

Logic Level             : 8
Non-global nets on path : 8
Global nets on path     : 0

Launch Clock Path Delay        :  7.006
+ Clock To Q + Data Path Delay : 27.135
---------------------------------------
End-of-path arrival time       : 34.141

Constraint                     : 30.303
+ Capture Clock Path Delay     :  7.006
- Clock Uncertainty            :  0.140
---------------------------------------
End-of-path required time      : 37.169

Launch Clock Path
         name            model name   delay (ns)  cumulative delay (ns) pins on net    location
=================================================================================================
clk_i                      inpad        0.000             0.000                0       (0,102)
clk_i                      inpad        0.420             0.420                2       (0,102)
clk_i                      net          3.268             3.688                2       (0,102)
   Routing elements:
      Manhattan distance of X:1, Y:24
CLKBUF__0|I                gbuf         3.318             7.006                2       (1,78) 
CLKBUF__0|O                gbuf         0.000             7.006             1032       (1,78) 
clk_i~O                    net          0.000             7.006             1032       (1,78) 
dps_value_sig[2]~FF|CLK    ff           0.000             7.006             1032       (43,82)

Data Path
               name                  model name   delay (ns)  cumulative delay (ns) pins on net    location
=============================================================================================================
dps_value_sig[2]~FF|Q                   ff          0.650             0.650               4        (43,82) 
dps_value_sig[2]                        net         5.400             6.050               4        (43,82) 
   Routing elements:
      Manhattan distance of X:1, Y:48
LUT__5720|in[3]                         lut         0.000             6.050               4        (42,130)
LUT__5720|out                           lut         0.000             6.050              14        (42,130)
n2591                                   net         4.175            10.225              14        (42,130)
   Routing elements:
      Manhattan distance of X:6, Y:9
LUT__5738|in[2]                         lut         0.000            10.225              14        (48,139)
LUT__5738|out                           lut         0.000            10.225               2        (48,139)
n2609                                   net         1.896            12.121               2        (48,139)
   Routing elements:
      Manhattan distance of X:0, Y:1
LUT__5739|in[0]                         lut         0.000            12.121               2        (48,138)
LUT__5739|out                           lut         0.000            12.121               3        (48,138)
n2610                                   net         2.793            14.914               3        (48,138)
   Routing elements:
      Manhattan distance of X:2, Y:1
LUT__5744|in[2]                         lut         0.000            14.914               3        (46,139)
LUT__5744|out                           lut         0.000            14.914               4        (46,139)
n2615                                   net         2.568            17.482               4        (46,139)
   Routing elements:
      Manhattan distance of X:0, Y:7
LUT__5769|in[0]                         lut         0.000            17.482               4        (46,132)
LUT__5769|out                           lut         0.000            17.482              10        (46,132)
n2640                                   net         2.852            20.334              10        (46,132)
   Routing elements:
      Manhattan distance of X:4, Y:10
LUT__5770|in[3]                         lut         0.000            20.334              10        (50,142)
LUT__5770|out                           lut         0.000            20.334              33        (50,142)
n2641                                   net         4.745            25.079              33        (50,142)
   Routing elements:
      Manhattan distance of X:19, Y:8
LUT__5883|in[0]                         lut         0.000            25.079              33        (31,150)
LUT__5883|out                           lut         0.000            25.079               2        (31,150)
n2731                                   net         1.672            26.751               2        (31,150)
   Routing elements:
      Manhattan distance of X:0, Y:3
LUT__5885|in[0]                         lut         0.000            26.751               2        (31,147)
LUT__5885|out                           lut         0.000            26.751               2        (31,147)
u_Motor_Control/angle_pool[20]~FF|D     ff          0.384            27.135               2        (31,147)

Capture Clock Path
                name                   model name   delay (ns)  cumulative delay (ns) pins on net    location
===============================================================================================================
clk_i                                    inpad        0.000             0.000                0       (0,102) 
clk_i                                    inpad        0.420             0.420                2       (0,102) 
clk_i                                    net          3.268             3.688                2       (0,102) 
   Routing elements:
      Manhattan distance of X:1, Y:24
CLKBUF__0|I                              gbuf         3.318             7.006                2       (1,78)  
CLKBUF__0|O                              gbuf         0.000             7.006             1032       (1,78)  
clk_i~O                                  net          0.000             7.006             1032       (1,78)  
u_Motor_Control/angle_pool[20]~FF|CLK    ff           0.000             7.006             1032       (31,147)

++++ Path 7 ++++++++++++++++++++++++++++++++++++++++++++++++++++++++++++++++++++

Path Begin    : dps_value_sig[6]~FF|CLK             
Path End      : u_Motor_Control/angle_pool[20]~FF|D 
Launch Clock  : clk_i (RISE)                        
Capture Clock : clk_i (RISE)                        
Slack         : 3.087 (required time - arrival time)
Delay         : 26.042                              

Logic Level             : 8
Non-global nets on path : 8
Global nets on path     : 0

Launch Clock Path Delay        :  7.006
+ Clock To Q + Data Path Delay : 27.076
---------------------------------------
End-of-path arrival time       : 34.082

Constraint                     : 30.303
+ Capture Clock Path Delay     :  7.006
- Clock Uncertainty            :  0.140
---------------------------------------
End-of-path required time      : 37.169

Launch Clock Path
         name            model name   delay (ns)  cumulative delay (ns) pins on net    location
=================================================================================================
clk_i                      inpad        0.000             0.000                0       (0,102) 
clk_i                      inpad        0.420             0.420                2       (0,102) 
clk_i                      net          3.268             3.688                2       (0,102) 
   Routing elements:
      Manhattan distance of X:1, Y:24
CLKBUF__0|I                gbuf         3.318             7.006                2       (1,78)  
CLKBUF__0|O                gbuf         0.000             7.006             1032       (1,78)  
clk_i~O                    net          0.000             7.006             1032       (1,78)  
dps_value_sig[6]~FF|CLK    ff           0.000             7.006             1032       (29,103)

Data Path
               name                  model name   delay (ns)  cumulative delay (ns) pins on net    location
=============================================================================================================
dps_value_sig[6]~FF|Q                   ff          0.650             0.650               3        (29,103)
dps_value_sig[6]                        net         4.170             4.820               3        (29,103)
   Routing elements:
      Manhattan distance of X:5, Y:30
LUT__5719|in[3]                         lut         0.000             4.820               3        (34,133)
LUT__5719|out                           lut         0.000             4.820              13        (34,133)
n2590                                   net         3.389             8.209              13        (34,133)
   Routing elements:
      Manhattan distance of X:9, Y:2
LUT__5724|in[0]                         lut         0.000             8.209              13        (43,135)
LUT__5724|out                           lut         0.000             8.209              15        (43,135)
n2595                                   net         3.853            12.062              15        (43,135)
   Routing elements:
      Manhattan distance of X:5, Y:3
LUT__5739|in[3]                         lut         0.000            12.062              15        (48,138)
LUT__5739|out                           lut         0.000            12.062               3        (48,138)
n2610                                   net         2.793            14.855               3        (48,138)
   Routing elements:
      Manhattan distance of X:2, Y:1
LUT__5744|in[2]                         lut         0.000            14.855               3        (46,139)
LUT__5744|out                           lut         0.000            14.855               4        (46,139)
n2615                                   net         2.568            17.423               4        (46,139)
   Routing elements:
      Manhattan distance of X:0, Y:7
LUT__5769|in[0]                         lut         0.000            17.423               4        (46,132)
LUT__5769|out                           lut         0.000            17.423              10        (46,132)
n2640                                   net         2.852            20.275              10        (46,132)
   Routing elements:
      Manhattan distance of X:4, Y:10
LUT__5770|in[3]                         lut         0.000            20.275              10        (50,142)
LUT__5770|out                           lut         0.000            20.275              33        (50,142)
n2641                                   net         4.745            25.020              33        (50,142)
   Routing elements:
      Manhattan distance of X:19, Y:8
LUT__5883|in[0]                         lut         0.000            25.020              33        (31,150)
LUT__5883|out                           lut         0.000            25.020               2        (31,150)
n2731                                   net         1.672            26.692               2        (31,150)
   Routing elements:
      Manhattan distance of X:0, Y:3
LUT__5885|in[0]                         lut         0.000            26.692               2        (31,147)
LUT__5885|out                           lut         0.000            26.692               2        (31,147)
u_Motor_Control/angle_pool[20]~FF|D     ff          0.384            27.076               2        (31,147)

Capture Clock Path
                name                   model name   delay (ns)  cumulative delay (ns) pins on net    location
===============================================================================================================
clk_i                                    inpad        0.000             0.000                0       (0,102) 
clk_i                                    inpad        0.420             0.420                2       (0,102) 
clk_i                                    net          3.268             3.688                2       (0,102) 
   Routing elements:
      Manhattan distance of X:1, Y:24
CLKBUF__0|I                              gbuf         3.318             7.006                2       (1,78)  
CLKBUF__0|O                              gbuf         0.000             7.006             1032       (1,78)  
clk_i~O                                  net          0.000             7.006             1032       (1,78)  
u_Motor_Control/angle_pool[20]~FF|CLK    ff           0.000             7.006             1032       (31,147)

++++ Path 8 ++++++++++++++++++++++++++++++++++++++++++++++++++++++++++++++++++++

Path Begin    : dps_value_sig[5]~FF|CLK             
Path End      : u_Motor_Control/angle_pool[4]~FF|D  
Launch Clock  : clk_i (RISE)                        
Capture Clock : clk_i (RISE)                        
Slack         : 3.108 (required time - arrival time)
Delay         : 26.021                              

Logic Level             : 8
Non-global nets on path : 8
Global nets on path     : 0

Launch Clock Path Delay        :  7.006
+ Clock To Q + Data Path Delay : 27.055
---------------------------------------
End-of-path arrival time       : 34.061

Constraint                     : 30.303
+ Capture Clock Path Delay     :  7.006
- Clock Uncertainty            :  0.140
---------------------------------------
End-of-path required time      : 37.169

Launch Clock Path
         name            model name   delay (ns)  cumulative delay (ns) pins on net    location
=================================================================================================
clk_i                      inpad        0.000             0.000                0       (0,102)
clk_i                      inpad        0.420             0.420                2       (0,102)
clk_i                      net          3.268             3.688                2       (0,102)
   Routing elements:
      Manhattan distance of X:1, Y:24
CLKBUF__0|I                gbuf         3.318             7.006                2       (1,78) 
CLKBUF__0|O                gbuf         0.000             7.006             1032       (1,78) 
clk_i~O                    net          0.000             7.006             1032       (1,78) 
dps_value_sig[5]~FF|CLK    ff           0.000             7.006             1032       (35,94)

Data Path
               name                 model name   delay (ns)  cumulative delay (ns) pins on net    location
============================================================================================================
dps_value_sig[5]~FF|Q                  ff          0.650             0.650               3        (35,94) 
dps_value_sig[5]                       net         4.479             5.129               3        (35,94) 
   Routing elements:
      Manhattan distance of X:1, Y:39
LUT__5719|in[2]                        lut         0.000             5.129               3        (34,133)
LUT__5719|out                          lut         0.000             5.129              13        (34,133)
n2590                                  net         3.389             8.518              13        (34,133)
   Routing elements:
      Manhattan distance of X:9, Y:2
LUT__5724|in[0]                        lut         0.000             8.518              13        (43,135)
LUT__5724|out                          lut         0.000             8.518              15        (43,135)
n2595                                  net         3.853            12.371              15        (43,135)
   Routing elements:
      Manhattan distance of X:5, Y:3
LUT__5739|in[3]                        lut         0.000            12.371              15        (48,138)
LUT__5739|out                          lut         0.000            12.371               3        (48,138)
n2610                                  net         2.793            15.164               3        (48,138)
   Routing elements:
      Manhattan distance of X:2, Y:1
LUT__5744|in[2]                        lut         0.000            15.164               3        (46,139)
LUT__5744|out                          lut         0.000            15.164               4        (46,139)
n2615                                  net         2.568            17.732               4        (46,139)
   Routing elements:
      Manhattan distance of X:0, Y:7
LUT__5769|in[0]                        lut         0.000            17.732               4        (46,132)
LUT__5769|out                          lut         0.000            17.732              10        (46,132)
n2640                                  net         2.852            20.584              10        (46,132)
   Routing elements:
      Manhattan distance of X:4, Y:10
LUT__5770|in[3]                        lut         0.000            20.584              10        (50,142)
LUT__5770|out                          lut         0.000            20.584              33        (50,142)
n2641                                  net         3.469            24.053              33        (50,142)
   Routing elements:
      Manhattan distance of X:2, Y:10
LUT__5803|in[3]                        lut         0.000            24.053              33        (48,132)
LUT__5803|out                          lut         0.000            24.053               2        (48,132)
n2671                                  net         2.618            26.671               2        (48,132)
   Routing elements:
      Manhattan distance of X:7, Y:0
LUT__5805|in[2]                        lut         0.000            26.671               2        (41,132)
LUT__5805|out                          lut         0.000            26.671               2        (41,132)
u_Motor_Control/angle_pool[4]~FF|D     ff          0.384            27.055               2        (41,132)

Capture Clock Path
                name                  model name   delay (ns)  cumulative delay (ns) pins on net    location
==============================================================================================================
clk_i                                   inpad        0.000             0.000                0       (0,102) 
clk_i                                   inpad        0.420             0.420                2       (0,102) 
clk_i                                   net          3.268             3.688                2       (0,102) 
   Routing elements:
      Manhattan distance of X:1, Y:24
CLKBUF__0|I                             gbuf         3.318             7.006                2       (1,78)  
CLKBUF__0|O                             gbuf         0.000             7.006             1032       (1,78)  
clk_i~O                                 net          0.000             7.006             1032       (1,78)  
u_Motor_Control/angle_pool[4]~FF|CLK    ff           0.000             7.006             1032       (41,132)

++++ Path 9 ++++++++++++++++++++++++++++++++++++++++++++++++++++++++++++++++++++

Path Begin    : dps_value_sig[2]~FF|CLK             
Path End      : u_Motor_Control/angle_pool[17]~FF|D 
Launch Clock  : clk_i (RISE)                        
Capture Clock : clk_i (RISE)                        
Slack         : 3.223 (required time - arrival time)
Delay         : 25.906                              

Logic Level             : 8
Non-global nets on path : 8
Global nets on path     : 0

Launch Clock Path Delay        :  7.006
+ Clock To Q + Data Path Delay : 26.940
---------------------------------------
End-of-path arrival time       : 33.946

Constraint                     : 30.303
+ Capture Clock Path Delay     :  7.006
- Clock Uncertainty            :  0.140
---------------------------------------
End-of-path required time      : 37.169

Launch Clock Path
         name            model name   delay (ns)  cumulative delay (ns) pins on net    location
=================================================================================================
clk_i                      inpad        0.000             0.000                0       (0,102)
clk_i                      inpad        0.420             0.420                2       (0,102)
clk_i                      net          3.268             3.688                2       (0,102)
   Routing elements:
      Manhattan distance of X:1, Y:24
CLKBUF__0|I                gbuf         3.318             7.006                2       (1,78) 
CLKBUF__0|O                gbuf         0.000             7.006             1032       (1,78) 
clk_i~O                    net          0.000             7.006             1032       (1,78) 
dps_value_sig[2]~FF|CLK    ff           0.000             7.006             1032       (43,82)

Data Path
               name                  model name   delay (ns)  cumulative delay (ns) pins on net    location
=============================================================================================================
dps_value_sig[2]~FF|Q                   ff          0.650             0.650               4        (43,82) 
dps_value_sig[2]                        net         5.400             6.050               4        (43,82) 
   Routing elements:
      Manhattan distance of X:1, Y:48
LUT__5720|in[3]                         lut         0.000             6.050               4        (42,130)
LUT__5720|out                           lut         0.000             6.050              14        (42,130)
n2591                                   net         4.175            10.225              14        (42,130)
   Routing elements:
      Manhattan distance of X:6, Y:9
LUT__5738|in[2]                         lut         0.000            10.225              14        (48,139)
LUT__5738|out                           lut         0.000            10.225               2        (48,139)
n2609                                   net         1.896            12.121               2        (48,139)
   Routing elements:
      Manhattan distance of X:0, Y:1
LUT__5739|in[0]                         lut         0.000            12.121               2        (48,138)
LUT__5739|out                           lut         0.000            12.121               3        (48,138)
n2610                                   net         2.793            14.914               3        (48,138)
   Routing elements:
      Manhattan distance of X:2, Y:1
LUT__5744|in[2]                         lut         0.000            14.914               3        (46,139)
LUT__5744|out                           lut         0.000            14.914               4        (46,139)
n2615                                   net         2.568            17.482               4        (46,139)
   Routing elements:
      Manhattan distance of X:0, Y:7
LUT__5769|in[0]                         lut         0.000            17.482               4        (46,132)
LUT__5769|out                           lut         0.000            17.482              10        (46,132)
n2640                                   net         2.852            20.334              10        (46,132)
   Routing elements:
      Manhattan distance of X:4, Y:10
LUT__5770|in[3]                         lut         0.000            20.334              10        (50,142)
LUT__5770|out                           lut         0.000            20.334              33        (50,142)
n2641                                   net         4.793            25.127              33        (50,142)
   Routing elements:
      Manhattan distance of X:15, Y:4
LUT__5874|in[2]                         lut         0.000            25.127              33        (35,146)
LUT__5874|out                           lut         0.000            25.127               2        (35,146)
n2725                                   net         1.429            26.556               2        (35,146)
   Routing elements:
      Manhattan distance of X:0, Y:3
LUT__5876|in[2]                         lut         0.000            26.556               2        (35,149)
LUT__5876|out                           lut         0.000            26.556               2        (35,149)
u_Motor_Control/angle_pool[17]~FF|D     ff          0.384            26.940               2        (35,149)

Capture Clock Path
                name                   model name   delay (ns)  cumulative delay (ns) pins on net    location
===============================================================================================================
clk_i                                    inpad        0.000             0.000                0       (0,102) 
clk_i                                    inpad        0.420             0.420                2       (0,102) 
clk_i                                    net          3.268             3.688                2       (0,102) 
   Routing elements:
      Manhattan distance of X:1, Y:24
CLKBUF__0|I                              gbuf         3.318             7.006                2       (1,78)  
CLKBUF__0|O                              gbuf         0.000             7.006             1032       (1,78)  
clk_i~O                                  net          0.000             7.006             1032       (1,78)  
u_Motor_Control/angle_pool[17]~FF|CLK    ff           0.000             7.006             1032       (35,149)

++++ Path 10 +++++++++++++++++++++++++++++++++++++++++++++++++++++++++++++++++++

Path Begin    : dps_value_sig[6]~FF|CLK             
Path End      : u_Motor_Control/angle_pool[17]~FF|D 
Launch Clock  : clk_i (RISE)                        
Capture Clock : clk_i (RISE)                        
Slack         : 3.282 (required time - arrival time)
Delay         : 25.847                              

Logic Level             : 8
Non-global nets on path : 8
Global nets on path     : 0

Launch Clock Path Delay        :  7.006
+ Clock To Q + Data Path Delay : 26.881
---------------------------------------
End-of-path arrival time       : 33.887

Constraint                     : 30.303
+ Capture Clock Path Delay     :  7.006
- Clock Uncertainty            :  0.140
---------------------------------------
End-of-path required time      : 37.169

Launch Clock Path
         name            model name   delay (ns)  cumulative delay (ns) pins on net    location
=================================================================================================
clk_i                      inpad        0.000             0.000                0       (0,102) 
clk_i                      inpad        0.420             0.420                2       (0,102) 
clk_i                      net          3.268             3.688                2       (0,102) 
   Routing elements:
      Manhattan distance of X:1, Y:24
CLKBUF__0|I                gbuf         3.318             7.006                2       (1,78)  
CLKBUF__0|O                gbuf         0.000             7.006             1032       (1,78)  
clk_i~O                    net          0.000             7.006             1032       (1,78)  
dps_value_sig[6]~FF|CLK    ff           0.000             7.006             1032       (29,103)

Data Path
               name                  model name   delay (ns)  cumulative delay (ns) pins on net    location
=============================================================================================================
dps_value_sig[6]~FF|Q                   ff          0.650             0.650               3        (29,103)
dps_value_sig[6]                        net         4.170             4.820               3        (29,103)
   Routing elements:
      Manhattan distance of X:5, Y:30
LUT__5719|in[3]                         lut         0.000             4.820               3        (34,133)
LUT__5719|out                           lut         0.000             4.820              13        (34,133)
n2590                                   net         3.389             8.209              13        (34,133)
   Routing elements:
      Manhattan distance of X:9, Y:2
LUT__5724|in[0]                         lut         0.000             8.209              13        (43,135)
LUT__5724|out                           lut         0.000             8.209              15        (43,135)
n2595                                   net         3.853            12.062              15        (43,135)
   Routing elements:
      Manhattan distance of X:5, Y:3
LUT__5739|in[3]                         lut         0.000            12.062              15        (48,138)
LUT__5739|out                           lut         0.000            12.062               3        (48,138)
n2610                                   net         2.793            14.855               3        (48,138)
   Routing elements:
      Manhattan distance of X:2, Y:1
LUT__5744|in[2]                         lut         0.000            14.855               3        (46,139)
LUT__5744|out                           lut         0.000            14.855               4        (46,139)
n2615                                   net         2.568            17.423               4        (46,139)
   Routing elements:
      Manhattan distance of X:0, Y:7
LUT__5769|in[0]                         lut         0.000            17.423               4        (46,132)
LUT__5769|out                           lut         0.000            17.423              10        (46,132)
n2640                                   net         2.852            20.275              10        (46,132)
   Routing elements:
      Manhattan distance of X:4, Y:10
LUT__5770|in[3]                         lut         0.000            20.275              10        (50,142)
LUT__5770|out                           lut         0.000            20.275              33        (50,142)
n2641                                   net         4.793            25.068              33        (50,142)
   Routing elements:
      Manhattan distance of X:15, Y:4
LUT__5874|in[2]                         lut         0.000            25.068              33        (35,146)
LUT__5874|out                           lut         0.000            25.068               2        (35,146)
n2725                                   net         1.429            26.497               2        (35,146)
   Routing elements:
      Manhattan distance of X:0, Y:3
LUT__5876|in[2]                         lut         0.000            26.497               2        (35,149)
LUT__5876|out                           lut         0.000            26.497               2        (35,149)
u_Motor_Control/angle_pool[17]~FF|D     ff          0.384            26.881               2        (35,149)

Capture Clock Path
                name                   model name   delay (ns)  cumulative delay (ns) pins on net    location
===============================================================================================================
clk_i                                    inpad        0.000             0.000                0       (0,102) 
clk_i                                    inpad        0.420             0.420                2       (0,102) 
clk_i                                    net          3.268             3.688                2       (0,102) 
   Routing elements:
      Manhattan distance of X:1, Y:24
CLKBUF__0|I                              gbuf         3.318             7.006                2       (1,78)  
CLKBUF__0|O                              gbuf         0.000             7.006             1032       (1,78)  
clk_i~O                                  net          0.000             7.006             1032       (1,78)  
u_Motor_Control/angle_pool[17]~FF|CLK    ff           0.000             7.006             1032       (35,149)

---------- Path Details for Max Critical Paths (end) ---------------

---------- 4. Path Details for Min Critical Paths (begin) ----------

################################################################################
Path Detail Report (clk_i vs clk_i)
################################################################################


++++ Path 1 ++++++++++++++++++++++++++++++++++++++++++++++++++++++++++++++++++++

Path Begin    : u_FIFO/u_efx_fifo_top/raddr[2]~FF|CLK           
Path End      : u_FIFO/u_efx_fifo_top/xefx_fifo_ram/ram|RADDR[1]
Launch Clock  : clk_i (RISE)                                    
Capture Clock : clk_i (RISE)                                    
Slack         : 0.401 (arrival time - required time)            
Delay         : 0.386                                           

Logic Level             : 0
Non-global nets on path : 1
Global nets on path     : 0

Launch Clock Path Delay        : 2.502
+ Clock To Q + Data Path Delay : 0.451
--------------------------------------
End-of-path arrival time       : 2.953

Constraint                     : 0.000
+ Capture Clock Path Delay     : 2.502
+ Clock Uncertainty            : 0.050
--------------------------------------
End-of-path required time      : 2.552

Launch Clock Path
                name                   model name   delay (ns)  cumulative delay (ns) pins on net    location
===============================================================================================================
clk_i                                    inpad        0.000             0.000                0       (0,102) 
clk_i                                    inpad        0.150             0.150                2       (0,102) 
clk_i                                    net          1.167             1.317                2       (0,102) 
   Routing elements:
      Manhattan distance of X:1, Y:24
CLKBUF__0|I                              gbuf         1.185             2.502                2       (1,78)  
CLKBUF__0|O                              gbuf         0.000             2.502             1032       (1,78)  
clk_i~O                                  net          0.000             2.502             1032       (1,78)  
u_FIFO/u_efx_fifo_top/raddr[2]~FF|CLK    ff           0.000             2.502             1032       (23,123)

Data Path
                      name                        model name   delay (ns)  cumulative delay (ns) pins on net    location
==========================================================================================================================
u_FIFO/u_efx_fifo_top/raddr[2]~FF|Q              ff               0.232            0.232              4         (23,123)
u_FIFO/u_efx_fifo_top/raddr[2]                   net              0.386            0.618              4         (23,123)
   Routing elements:
      Manhattan distance of X:2, Y:1
u_FIFO/u_efx_fifo_top/xefx_fifo_ram/ram|RADDR[1] ram_4096x20     -0.167            0.451              4         (21,122)

Capture Clock Path
                    name                      model name   delay (ns)  cumulative delay (ns) pins on net    location
======================================================================================================================
clk_i                                        inpad           0.000             0.000                0       (0,102) 
clk_i                                        inpad           0.150             0.150                2       (0,102) 
clk_i                                        net             1.167             1.317                2       (0,102) 
   Routing elements:
      Manhattan distance of X:1, Y:24
CLKBUF__0|I                                  gbuf            1.185             2.502                2       (1,78)  
CLKBUF__0|O                                  gbuf            0.000             2.502             1032       (1,78)  
clk_i~O                                      net             0.000             2.502             1032       (1,78)  
u_FIFO/u_efx_fifo_top/xefx_fifo_ram/ram|RCLK ram_4096x20     0.000             2.502             1032       (21,122)

++++ Path 2 ++++++++++++++++++++++++++++++++++++++++++++++++++++++++++++++++++++

Path Begin    : u_FIFO/u_efx_fifo_top/raddr[5]~FF|CLK           
Path End      : u_FIFO/u_efx_fifo_top/xefx_fifo_ram/ram|RADDR[4]
Launch Clock  : clk_i (RISE)                                    
Capture Clock : clk_i (RISE)                                    
Slack         : 0.401 (arrival time - required time)            
Delay         : 0.386                                           

Logic Level             : 0
Non-global nets on path : 1
Global nets on path     : 0

Launch Clock Path Delay        : 2.502
+ Clock To Q + Data Path Delay : 0.451
--------------------------------------
End-of-path arrival time       : 2.953

Constraint                     : 0.000
+ Capture Clock Path Delay     : 2.502
+ Clock Uncertainty            : 0.050
--------------------------------------
End-of-path required time      : 2.552

Launch Clock Path
                name                   model name   delay (ns)  cumulative delay (ns) pins on net    location
===============================================================================================================
clk_i                                    inpad        0.000             0.000                0       (0,102) 
clk_i                                    inpad        0.150             0.150                2       (0,102) 
clk_i                                    net          1.167             1.317                2       (0,102) 
   Routing elements:
      Manhattan distance of X:1, Y:24
CLKBUF__0|I                              gbuf         1.185             2.502                2       (1,78)  
CLKBUF__0|O                              gbuf         0.000             2.502             1032       (1,78)  
clk_i~O                                  net          0.000             2.502             1032       (1,78)  
u_FIFO/u_efx_fifo_top/raddr[5]~FF|CLK    ff           0.000             2.502             1032       (23,126)

Data Path
                      name                        model name   delay (ns)  cumulative delay (ns) pins on net    location
==========================================================================================================================
u_FIFO/u_efx_fifo_top/raddr[5]~FF|Q              ff               0.232            0.232              4         (23,126)
u_FIFO/u_efx_fifo_top/raddr[5]                   net              0.386            0.618              4         (23,126)
   Routing elements:
      Manhattan distance of X:2, Y:4
u_FIFO/u_efx_fifo_top/xefx_fifo_ram/ram|RADDR[4] ram_4096x20     -0.167            0.451              4         (21,122)

Capture Clock Path
                    name                      model name   delay (ns)  cumulative delay (ns) pins on net    location
======================================================================================================================
clk_i                                        inpad           0.000             0.000                0       (0,102) 
clk_i                                        inpad           0.150             0.150                2       (0,102) 
clk_i                                        net             1.167             1.317                2       (0,102) 
   Routing elements:
      Manhattan distance of X:1, Y:24
CLKBUF__0|I                                  gbuf            1.185             2.502                2       (1,78)  
CLKBUF__0|O                                  gbuf            0.000             2.502             1032       (1,78)  
clk_i~O                                      net             0.000             2.502             1032       (1,78)  
u_FIFO/u_efx_fifo_top/xefx_fifo_ram/ram|RCLK ram_4096x20     0.000             2.502             1032       (21,122)

++++ Path 3 ++++++++++++++++++++++++++++++++++++++++++++++++++++++++++++++++++++

Path Begin    : u_FIFO/u_efx_fifo_top/raddr[1]~FF|CLK           
Path End      : u_FIFO/u_efx_fifo_top/xefx_fifo_ram/ram|RADDR[0]
Launch Clock  : clk_i (RISE)                                    
Capture Clock : clk_i (RISE)                                    
Slack         : 0.401 (arrival time - required time)            
Delay         : 0.386                                           

Logic Level             : 0
Non-global nets on path : 1
Global nets on path     : 0

Launch Clock Path Delay        : 2.502
+ Clock To Q + Data Path Delay : 0.451
--------------------------------------
End-of-path arrival time       : 2.953

Constraint                     : 0.000
+ Capture Clock Path Delay     : 2.502
+ Clock Uncertainty            : 0.050
--------------------------------------
End-of-path required time      : 2.552

Launch Clock Path
                name                   model name   delay (ns)  cumulative delay (ns) pins on net    location
===============================================================================================================
clk_i                                    inpad        0.000             0.000                0       (0,102) 
clk_i                                    inpad        0.150             0.150                2       (0,102) 
clk_i                                    net          1.167             1.317                2       (0,102) 
   Routing elements:
      Manhattan distance of X:1, Y:24
CLKBUF__0|I                              gbuf         1.185             2.502                2       (1,78)  
CLKBUF__0|O                              gbuf         0.000             2.502             1032       (1,78)  
clk_i~O                                  net          0.000             2.502             1032       (1,78)  
u_FIFO/u_efx_fifo_top/raddr[1]~FF|CLK    ff           0.000             2.502             1032       (23,122)

Data Path
                      name                        model name   delay (ns)  cumulative delay (ns) pins on net    location
==========================================================================================================================
u_FIFO/u_efx_fifo_top/raddr[1]~FF|Q              ff               0.232            0.232              4         (23,122)
u_FIFO/u_efx_fifo_top/raddr[1]                   net              0.386            0.618              4         (23,122)
   Routing elements:
      Manhattan distance of X:2, Y:0
u_FIFO/u_efx_fifo_top/xefx_fifo_ram/ram|RADDR[0] ram_4096x20     -0.167            0.451              4         (21,122)

Capture Clock Path
                    name                      model name   delay (ns)  cumulative delay (ns) pins on net    location
======================================================================================================================
clk_i                                        inpad           0.000             0.000                0       (0,102) 
clk_i                                        inpad           0.150             0.150                2       (0,102) 
clk_i                                        net             1.167             1.317                2       (0,102) 
   Routing elements:
      Manhattan distance of X:1, Y:24
CLKBUF__0|I                                  gbuf            1.185             2.502                2       (1,78)  
CLKBUF__0|O                                  gbuf            0.000             2.502             1032       (1,78)  
clk_i~O                                      net             0.000             2.502             1032       (1,78)  
u_FIFO/u_efx_fifo_top/xefx_fifo_ram/ram|RCLK ram_4096x20     0.000             2.502             1032       (21,122)

++++ Path 4 ++++++++++++++++++++++++++++++++++++++++++++++++++++++++++++++++++++

Path Begin    : u_FIFO/u_efx_fifo_top/raddr[8]~FF|CLK           
Path End      : u_FIFO/u_efx_fifo_top/xefx_fifo_ram/ram|RADDR[7]
Launch Clock  : clk_i (RISE)                                    
Capture Clock : clk_i (RISE)                                    
Slack         : 0.401 (arrival time - required time)            
Delay         : 0.386                                           

Logic Level             : 0
Non-global nets on path : 1
Global nets on path     : 0

Launch Clock Path Delay        : 2.502
+ Clock To Q + Data Path Delay : 0.451
--------------------------------------
End-of-path arrival time       : 2.953

Constraint                     : 0.000
+ Capture Clock Path Delay     : 2.502
+ Clock Uncertainty            : 0.050
--------------------------------------
End-of-path required time      : 2.552

Launch Clock Path
                name                   model name   delay (ns)  cumulative delay (ns) pins on net    location
===============================================================================================================
clk_i                                    inpad        0.000             0.000                0       (0,102) 
clk_i                                    inpad        0.150             0.150                2       (0,102) 
clk_i                                    net          1.167             1.317                2       (0,102) 
   Routing elements:
      Manhattan distance of X:1, Y:24
CLKBUF__0|I                              gbuf         1.185             2.502                2       (1,78)  
CLKBUF__0|O                              gbuf         0.000             2.502             1032       (1,78)  
clk_i~O                                  net          0.000             2.502             1032       (1,78)  
u_FIFO/u_efx_fifo_top/raddr[8]~FF|CLK    ff           0.000             2.502             1032       (23,129)

Data Path
                      name                        model name   delay (ns)  cumulative delay (ns) pins on net    location
==========================================================================================================================
u_FIFO/u_efx_fifo_top/raddr[8]~FF|Q              ff               0.232            0.232              4         (23,129)
u_FIFO/u_efx_fifo_top/raddr[8]                   net              0.386            0.618              4         (23,129)
   Routing elements:
      Manhattan distance of X:2, Y:7
u_FIFO/u_efx_fifo_top/xefx_fifo_ram/ram|RADDR[7] ram_4096x20     -0.167            0.451              4         (21,122)

Capture Clock Path
                    name                      model name   delay (ns)  cumulative delay (ns) pins on net    location
======================================================================================================================
clk_i                                        inpad           0.000             0.000                0       (0,102) 
clk_i                                        inpad           0.150             0.150                2       (0,102) 
clk_i                                        net             1.167             1.317                2       (0,102) 
   Routing elements:
      Manhattan distance of X:1, Y:24
CLKBUF__0|I                                  gbuf            1.185             2.502                2       (1,78)  
CLKBUF__0|O                                  gbuf            0.000             2.502             1032       (1,78)  
clk_i~O                                      net             0.000             2.502             1032       (1,78)  
u_FIFO/u_efx_fifo_top/xefx_fifo_ram/ram|RCLK ram_4096x20     0.000             2.502             1032       (21,122)

++++ Path 5 ++++++++++++++++++++++++++++++++++++++++++++++++++++++++++++++++++++

Path Begin    : u_FIFO/u_efx_fifo_top/raddr[6]~FF|CLK           
Path End      : u_FIFO/u_efx_fifo_top/xefx_fifo_ram/ram|RADDR[5]
Launch Clock  : clk_i (RISE)                                    
Capture Clock : clk_i (RISE)                                    
Slack         : 0.401 (arrival time - required time)            
Delay         : 0.386                                           

Logic Level             : 0
Non-global nets on path : 1
Global nets on path     : 0

Launch Clock Path Delay        : 2.502
+ Clock To Q + Data Path Delay : 0.451
--------------------------------------
End-of-path arrival time       : 2.953

Constraint                     : 0.000
+ Capture Clock Path Delay     : 2.502
+ Clock Uncertainty            : 0.050
--------------------------------------
End-of-path required time      : 2.552

Launch Clock Path
                name                   model name   delay (ns)  cumulative delay (ns) pins on net    location
===============================================================================================================
clk_i                                    inpad        0.000             0.000                0       (0,102) 
clk_i                                    inpad        0.150             0.150                2       (0,102) 
clk_i                                    net          1.167             1.317                2       (0,102) 
   Routing elements:
      Manhattan distance of X:1, Y:24
CLKBUF__0|I                              gbuf         1.185             2.502                2       (1,78)  
CLKBUF__0|O                              gbuf         0.000             2.502             1032       (1,78)  
clk_i~O                                  net          0.000             2.502             1032       (1,78)  
u_FIFO/u_efx_fifo_top/raddr[6]~FF|CLK    ff           0.000             2.502             1032       (23,127)

Data Path
                      name                        model name   delay (ns)  cumulative delay (ns) pins on net    location
==========================================================================================================================
u_FIFO/u_efx_fifo_top/raddr[6]~FF|Q              ff               0.232            0.232              4         (23,127)
u_FIFO/u_efx_fifo_top/raddr[6]                   net              0.386            0.618              4         (23,127)
   Routing elements:
      Manhattan distance of X:2, Y:5
u_FIFO/u_efx_fifo_top/xefx_fifo_ram/ram|RADDR[5] ram_4096x20     -0.167            0.451              4         (21,122)

Capture Clock Path
                    name                      model name   delay (ns)  cumulative delay (ns) pins on net    location
======================================================================================================================
clk_i                                        inpad           0.000             0.000                0       (0,102) 
clk_i                                        inpad           0.150             0.150                2       (0,102) 
clk_i                                        net             1.167             1.317                2       (0,102) 
   Routing elements:
      Manhattan distance of X:1, Y:24
CLKBUF__0|I                                  gbuf            1.185             2.502                2       (1,78)  
CLKBUF__0|O                                  gbuf            0.000             2.502             1032       (1,78)  
clk_i~O                                      net             0.000             2.502             1032       (1,78)  
u_FIFO/u_efx_fifo_top/xefx_fifo_ram/ram|RCLK ram_4096x20     0.000             2.502             1032       (21,122)

++++ Path 6 ++++++++++++++++++++++++++++++++++++++++++++++++++++++++++++++++++++

Path Begin    : u_FIFO/u_efx_fifo_top/raddr[4]~FF|CLK           
Path End      : u_FIFO/u_efx_fifo_top/xefx_fifo_ram/ram|RADDR[3]
Launch Clock  : clk_i (RISE)                                    
Capture Clock : clk_i (RISE)                                    
Slack         : 0.401 (arrival time - required time)            
Delay         : 0.386                                           

Logic Level             : 0
Non-global nets on path : 1
Global nets on path     : 0

Launch Clock Path Delay        : 2.502
+ Clock To Q + Data Path Delay : 0.451
--------------------------------------
End-of-path arrival time       : 2.953

Constraint                     : 0.000
+ Capture Clock Path Delay     : 2.502
+ Clock Uncertainty            : 0.050
--------------------------------------
End-of-path required time      : 2.552

Launch Clock Path
                name                   model name   delay (ns)  cumulative delay (ns) pins on net    location
===============================================================================================================
clk_i                                    inpad        0.000             0.000                0       (0,102) 
clk_i                                    inpad        0.150             0.150                2       (0,102) 
clk_i                                    net          1.167             1.317                2       (0,102) 
   Routing elements:
      Manhattan distance of X:1, Y:24
CLKBUF__0|I                              gbuf         1.185             2.502                2       (1,78)  
CLKBUF__0|O                              gbuf         0.000             2.502             1032       (1,78)  
clk_i~O                                  net          0.000             2.502             1032       (1,78)  
u_FIFO/u_efx_fifo_top/raddr[4]~FF|CLK    ff           0.000             2.502             1032       (23,125)

Data Path
                      name                        model name   delay (ns)  cumulative delay (ns) pins on net    location
==========================================================================================================================
u_FIFO/u_efx_fifo_top/raddr[4]~FF|Q              ff               0.232            0.232              4         (23,125)
u_FIFO/u_efx_fifo_top/raddr[4]                   net              0.386            0.618              4         (23,125)
   Routing elements:
      Manhattan distance of X:2, Y:3
u_FIFO/u_efx_fifo_top/xefx_fifo_ram/ram|RADDR[3] ram_4096x20     -0.167            0.451              4         (21,122)

Capture Clock Path
                    name                      model name   delay (ns)  cumulative delay (ns) pins on net    location
======================================================================================================================
clk_i                                        inpad           0.000             0.000                0       (0,102) 
clk_i                                        inpad           0.150             0.150                2       (0,102) 
clk_i                                        net             1.167             1.317                2       (0,102) 
   Routing elements:
      Manhattan distance of X:1, Y:24
CLKBUF__0|I                                  gbuf            1.185             2.502                2       (1,78)  
CLKBUF__0|O                                  gbuf            0.000             2.502             1032       (1,78)  
clk_i~O                                      net             0.000             2.502             1032       (1,78)  
u_FIFO/u_efx_fifo_top/xefx_fifo_ram/ram|RCLK ram_4096x20     0.000             2.502             1032       (21,122)

++++ Path 7 ++++++++++++++++++++++++++++++++++++++++++++++++++++++++++++++++++++

Path Begin    : u_FIFO/u_efx_fifo_top/raddr[7]~FF|CLK           
Path End      : u_FIFO/u_efx_fifo_top/xefx_fifo_ram/ram|RADDR[6]
Launch Clock  : clk_i (RISE)                                    
Capture Clock : clk_i (RISE)                                    
Slack         : 0.401 (arrival time - required time)            
Delay         : 0.386                                           

Logic Level             : 0
Non-global nets on path : 1
Global nets on path     : 0

Launch Clock Path Delay        : 2.502
+ Clock To Q + Data Path Delay : 0.451
--------------------------------------
End-of-path arrival time       : 2.953

Constraint                     : 0.000
+ Capture Clock Path Delay     : 2.502
+ Clock Uncertainty            : 0.050
--------------------------------------
End-of-path required time      : 2.552

Launch Clock Path
                name                   model name   delay (ns)  cumulative delay (ns) pins on net    location
===============================================================================================================
clk_i                                    inpad        0.000             0.000                0       (0,102) 
clk_i                                    inpad        0.150             0.150                2       (0,102) 
clk_i                                    net          1.167             1.317                2       (0,102) 
   Routing elements:
      Manhattan distance of X:1, Y:24
CLKBUF__0|I                              gbuf         1.185             2.502                2       (1,78)  
CLKBUF__0|O                              gbuf         0.000             2.502             1032       (1,78)  
clk_i~O                                  net          0.000             2.502             1032       (1,78)  
u_FIFO/u_efx_fifo_top/raddr[7]~FF|CLK    ff           0.000             2.502             1032       (23,128)

Data Path
                      name                        model name   delay (ns)  cumulative delay (ns) pins on net    location
==========================================================================================================================
u_FIFO/u_efx_fifo_top/raddr[7]~FF|Q              ff               0.232            0.232              4         (23,128)
u_FIFO/u_efx_fifo_top/raddr[7]                   net              0.386            0.618              4         (23,128)
   Routing elements:
      Manhattan distance of X:2, Y:6
u_FIFO/u_efx_fifo_top/xefx_fifo_ram/ram|RADDR[6] ram_4096x20     -0.167            0.451              4         (21,122)

Capture Clock Path
                    name                      model name   delay (ns)  cumulative delay (ns) pins on net    location
======================================================================================================================
clk_i                                        inpad           0.000             0.000                0       (0,102) 
clk_i                                        inpad           0.150             0.150                2       (0,102) 
clk_i                                        net             1.167             1.317                2       (0,102) 
   Routing elements:
      Manhattan distance of X:1, Y:24
CLKBUF__0|I                                  gbuf            1.185             2.502                2       (1,78)  
CLKBUF__0|O                                  gbuf            0.000             2.502             1032       (1,78)  
clk_i~O                                      net             0.000             2.502             1032       (1,78)  
u_FIFO/u_efx_fifo_top/xefx_fifo_ram/ram|RCLK ram_4096x20     0.000             2.502             1032       (21,122)

++++ Path 8 ++++++++++++++++++++++++++++++++++++++++++++++++++++++++++++++++++++

Path Begin    : u_FIFO/u_efx_fifo_top/raddr[3]~FF|CLK           
Path End      : u_FIFO/u_efx_fifo_top/xefx_fifo_ram/ram|RADDR[2]
Launch Clock  : clk_i (RISE)                                    
Capture Clock : clk_i (RISE)                                    
Slack         : 0.401 (arrival time - required time)            
Delay         : 0.386                                           

Logic Level             : 0
Non-global nets on path : 1
Global nets on path     : 0

Launch Clock Path Delay        : 2.502
+ Clock To Q + Data Path Delay : 0.451
--------------------------------------
End-of-path arrival time       : 2.953

Constraint                     : 0.000
+ Capture Clock Path Delay     : 2.502
+ Clock Uncertainty            : 0.050
--------------------------------------
End-of-path required time      : 2.552

Launch Clock Path
                name                   model name   delay (ns)  cumulative delay (ns) pins on net    location
===============================================================================================================
clk_i                                    inpad        0.000             0.000                0       (0,102) 
clk_i                                    inpad        0.150             0.150                2       (0,102) 
clk_i                                    net          1.167             1.317                2       (0,102) 
   Routing elements:
      Manhattan distance of X:1, Y:24
CLKBUF__0|I                              gbuf         1.185             2.502                2       (1,78)  
CLKBUF__0|O                              gbuf         0.000             2.502             1032       (1,78)  
clk_i~O                                  net          0.000             2.502             1032       (1,78)  
u_FIFO/u_efx_fifo_top/raddr[3]~FF|CLK    ff           0.000             2.502             1032       (23,124)

Data Path
                      name                        model name   delay (ns)  cumulative delay (ns) pins on net    location
==========================================================================================================================
u_FIFO/u_efx_fifo_top/raddr[3]~FF|Q              ff               0.232            0.232              4         (23,124)
u_FIFO/u_efx_fifo_top/raddr[3]                   net              0.386            0.618              4         (23,124)
   Routing elements:
      Manhattan distance of X:2, Y:2
u_FIFO/u_efx_fifo_top/xefx_fifo_ram/ram|RADDR[2] ram_4096x20     -0.167            0.451              4         (21,122)

Capture Clock Path
                    name                      model name   delay (ns)  cumulative delay (ns) pins on net    location
======================================================================================================================
clk_i                                        inpad           0.000             0.000                0       (0,102) 
clk_i                                        inpad           0.150             0.150                2       (0,102) 
clk_i                                        net             1.167             1.317                2       (0,102) 
   Routing elements:
      Manhattan distance of X:1, Y:24
CLKBUF__0|I                                  gbuf            1.185             2.502                2       (1,78)  
CLKBUF__0|O                                  gbuf            0.000             2.502             1032       (1,78)  
clk_i~O                                      net             0.000             2.502             1032       (1,78)  
u_FIFO/u_efx_fifo_top/xefx_fifo_ram/ram|RCLK ram_4096x20     0.000             2.502             1032       (21,122)

++++ Path 9 ++++++++++++++++++++++++++++++++++++++++++++++++++++++++++++++++++++

Path Begin    : led_counter[0]~FF|CLK               
Path End      : led_counter[0]~FF|D                 
Launch Clock  : clk_i (RISE)                        
Capture Clock : clk_i (RISE)                        
Slack         : 0.643 (arrival time - required time)
Delay         : 0.461                               

Logic Level             : 1
Non-global nets on path : 1
Global nets on path     : 0

Launch Clock Path Delay        : 2.502
+ Clock To Q + Data Path Delay : 0.693
--------------------------------------
End-of-path arrival time       : 3.195

Constraint                     : 0.000
+ Capture Clock Path Delay     : 2.502
+ Clock Uncertainty            : 0.050
--------------------------------------
End-of-path required time      : 2.552

Launch Clock Path
        name           model name   delay (ns)  cumulative delay (ns) pins on net    location
===============================================================================================
clk_i                    inpad        0.000             0.000                0       (0,102) 
clk_i                    inpad        0.150             0.150                2       (0,102) 
clk_i                    net          1.167             1.317                2       (0,102) 
   Routing elements:
      Manhattan distance of X:1, Y:24
CLKBUF__0|I              gbuf         1.185             2.502                2       (1,78)  
CLKBUF__0|O              gbuf         0.000             2.502             1032       (1,78)  
clk_i~O                  net          0.000             2.502             1032       (1,78)  
led_counter[0]~FF|CLK    ff           0.000             2.502             1032       (63,155)

Data Path
       name          model name   delay (ns)  cumulative delay (ns) pins on net    location
=============================================================================================
led_counter[0]~FF|Q     ff          0.232             0.232              4         (63,155)
led_counter[0]          net         0.461             0.693              4         (63,155)
LUT__5220|in[3]         lut         0.000             0.693              4         (63,155)
LUT__5220|out           lut         0.000             0.693              2         (63,155)
led_counter[0]~FF|D     ff          0.000             0.693              2         (63,155)

Capture Clock Path
        name           model name   delay (ns)  cumulative delay (ns) pins on net    location
===============================================================================================
clk_i                    inpad        0.000             0.000                0       (0,102) 
clk_i                    inpad        0.150             0.150                2       (0,102) 
clk_i                    net          1.167             1.317                2       (0,102) 
   Routing elements:
      Manhattan distance of X:1, Y:24
CLKBUF__0|I              gbuf         1.185             2.502                2       (1,78)  
CLKBUF__0|O              gbuf         0.000             2.502             1032       (1,78)  
clk_i~O                  net          0.000             2.502             1032       (1,78)  
led_counter[0]~FF|CLK    ff           0.000             2.502             1032       (63,155)

++++ Path 10 +++++++++++++++++++++++++++++++++++++++++++++++++++++++++++++++++++

Path Begin    : start_signal_conf[0]~FF|CLK         
Path End      : start_signal_conf[0]~FF|D           
Launch Clock  : clk_i (RISE)                        
Capture Clock : clk_i (RISE)                        
Slack         : 0.643 (arrival time - required time)
Delay         : 0.461                               

Logic Level             : 1
Non-global nets on path : 1
Global nets on path     : 0

Launch Clock Path Delay        : 2.502
+ Clock To Q + Data Path Delay : 0.693
--------------------------------------
End-of-path arrival time       : 3.195

Constraint                     : 0.000
+ Capture Clock Path Delay     : 2.502
+ Clock Uncertainty            : 0.050
--------------------------------------
End-of-path required time      : 2.552

Launch Clock Path
           name              model name   delay (ns)  cumulative delay (ns) pins on net    location
=====================================================================================================
clk_i                          inpad        0.000             0.000                0       (0,102) 
clk_i                          inpad        0.150             0.150                2       (0,102) 
clk_i                          net          1.167             1.317                2       (0,102) 
   Routing elements:
      Manhattan distance of X:1, Y:24
CLKBUF__0|I                    gbuf         1.185             2.502                2       (1,78)  
CLKBUF__0|O                    gbuf         0.000             2.502             1032       (1,78)  
clk_i~O                        net          0.000             2.502             1032       (1,78)  
start_signal_conf[0]~FF|CLK    ff           0.000             2.502             1032       (63,159)

Data Path
          name             model name   delay (ns)  cumulative delay (ns) pins on net    location
===================================================================================================
start_signal_conf[0]~FF|Q     ff          0.232             0.232               4        (63,159)
start_signal_conf[0]          net         0.461             0.693               4        (63,159)
LUT__5208|in[3]               lut         0.000             0.693               4        (63,159)
LUT__5208|out                 lut         0.000             0.693              27        (63,159)
start_signal_conf[0]~FF|D     ff          0.000             0.693              27        (63,159)

Capture Clock Path
           name              model name   delay (ns)  cumulative delay (ns) pins on net    location
=====================================================================================================
clk_i                          inpad        0.000             0.000                0       (0,102) 
clk_i                          inpad        0.150             0.150                2       (0,102) 
clk_i                          net          1.167             1.317                2       (0,102) 
   Routing elements:
      Manhattan distance of X:1, Y:24
CLKBUF__0|I                    gbuf         1.185             2.502                2       (1,78)  
CLKBUF__0|O                    gbuf         0.000             2.502             1032       (1,78)  
clk_i~O                        net          0.000             2.502             1032       (1,78)  
start_signal_conf[0]~FF|CLK    ff           0.000             2.502             1032       (63,159)

---------- Path Details for Min Critical Paths (end) ---------------

